-- phpMyAdmin SQL Dump
-- version 5.2.0
-- https://www.phpmyadmin.net/
--
-- Хост: 127.0.0.1:3306
-- Время создания: Апр 03 2025 г., 17:21
-- Версия сервера: 8.0.30
-- Версия PHP: 7.2.34

SET SQL_MODE = "NO_AUTO_VALUE_ON_ZERO";
START TRANSACTION;
SET time_zone = "+00:00";


/*!40101 SET @OLD_CHARACTER_SET_CLIENT=@@CHARACTER_SET_CLIENT */;
/*!40101 SET @OLD_CHARACTER_SET_RESULTS=@@CHARACTER_SET_RESULTS */;
/*!40101 SET @OLD_COLLATION_CONNECTION=@@COLLATION_CONNECTION */;
/*!40101 SET NAMES utf8mb4 */;

--
-- База данных: `laboratoriya20`
--

-- --------------------------------------------------------

--
-- Структура таблицы `analyzer`
--

CREATE TABLE `analyzer` (
  `id` int NOT NULL,
  `name` varchar(100) NOT NULL
) ENGINE=InnoDB DEFAULT CHARSET=utf8mb4 COLLATE=utf8mb4_0900_ai_ci;

--
-- Дамп данных таблицы `analyzer`
--

INSERT INTO `analyzer` (`id`, `name`) VALUES
(1, 'Ledetect'),
(2, 'Biorad');

-- --------------------------------------------------------

--
-- Структура таблицы `auth_history`
--

CREATE TABLE `auth_history` (
  `id` int NOT NULL,
  `user_id` int NOT NULL,
  `login` varchar(50) NOT NULL,
  `user_type` enum('admin','lab','buh','patient') NOT NULL,
  `login_time` datetime NOT NULL DEFAULT CURRENT_TIMESTAMP,
  `ip_address` varchar(45) DEFAULT NULL,
  `success` tinyint(1) NOT NULL
) ENGINE=InnoDB DEFAULT CHARSET=utf8mb4 COLLATE=utf8mb4_0900_ai_ci;

--
-- Дамп данных таблицы `auth_history`
--

INSERT INTO `auth_history` (`id`, `user_id`, `login`, `user_type`, `login_time`, `ip_address`, `success`) VALUES
(1, 101, 'vag', 'buh', '2025-03-25 23:39:24', '192.168.1.11', 1),
(2, 103, 'vitya', 'admin', '2025-03-25 23:40:03', '192.168.1.11', 1),
(3, 101, 'vag', 'buh', '2025-03-25 23:41:28', '192.168.1.11', 1),
(4, 65, 'patient', 'patient', '2025-03-25 23:41:48', '192.168.1.11', 1),
(5, 103, 'vitya', 'admin', '2025-03-25 23:42:09', '192.168.1.11', 1),
(6, 101, 'vag', 'buh', '2025-03-25 23:44:17', '192.168.1.11', 1),
(7, 101, 'vag', 'buh', '2025-03-25 23:54:43', '192.168.1.11', 1),
(8, 101, 'vag', 'buh', '2025-03-26 00:00:31', '192.168.1.11', 1),
(9, 101, 'vag', 'buh', '2025-03-26 00:20:52', '192.168.1.11', 1),
(10, 103, 'vitya', 'admin', '2025-03-26 00:21:30', '192.168.1.11', 1),
(11, 65, 'patient', 'patient', '2025-03-26 00:30:04', '192.168.1.11', 1),
(12, 102, 'polina', 'lab', '2025-03-26 00:32:07', '192.168.1.11', 1),
(13, 103, 'vitya', 'admin', '2025-03-26 00:32:32', '192.168.1.11', 1),
(14, 65, 'patient', 'patient', '2025-03-26 00:32:58', '192.168.1.11', 1),
(15, 103, 'vitya', 'admin', '2025-03-26 00:35:13', '192.168.1.11', 1),
(16, 103, 'vitya', 'admin', '2025-03-26 00:35:56', '192.168.1.11', 1),
(17, 103, 'vitya', 'admin', '2025-03-26 00:36:59', '192.168.1.11', 1),
(18, 103, 'vitya', 'admin', '2025-03-26 00:37:28', '192.168.1.11', 1),
(19, 103, 'vitya', 'admin', '2025-03-26 00:37:56', '192.168.1.11', 1),
(20, 103, 'vitya', 'admin', '2025-03-26 00:38:19', '192.168.1.11', 1),
(21, 103, 'vitya', 'admin', '2025-03-26 00:38:47', '192.168.1.11', 1),
(22, 103, 'vitya', 'admin', '2025-03-26 00:39:14', '192.168.1.11', 1),
(23, 103, 'vitya', 'admin', '2025-03-26 00:39:32', '192.168.1.11', 1),
(24, 101, 'vag', 'buh', '2025-03-28 12:32:19', '192.168.1.11', 1),
(25, 65, 'patient', 'patient', '2025-03-28 12:32:49', '192.168.1.11', 1),
(26, 103, 'vitya', 'admin', '2025-03-28 12:33:05', '192.168.1.11', 1),
(27, 101, 'vag', 'buh', '2025-03-28 12:38:06', '192.168.1.11', 1),
(28, 65, 'patient', 'patient', '2025-03-28 12:46:24', '192.168.1.11', 1),
(29, 102, 'polina', 'lab', '2025-03-28 12:48:31', '192.168.1.11', 1),
(30, 103, 'vitya', 'admin', '2025-03-28 12:49:17', '192.168.1.11', 1),
(31, 103, 'vitya', 'admin', '2025-03-30 18:32:23', '192.168.1.11', 1),
(32, 102, 'polina', 'lab', '2025-03-30 19:05:10', '192.168.1.11', 1),
(33, 102, 'polina', 'lab', '2025-03-31 12:17:54', '192.168.1.11', 1),
(34, 103, 'vitya', 'admin', '2025-03-31 12:19:23', '192.168.1.11', 1),
(35, 101, 'vag', 'buh', '2025-03-31 13:32:38', '192.168.1.11', 1),
(36, 65, 'patient', 'patient', '2025-03-31 13:43:58', '192.168.1.11', 1),
(37, 65, 'patient', 'patient', '2025-03-31 13:46:55', '192.168.1.11', 1),
(38, 65, 'patient', 'patient', '2025-03-31 13:53:34', '192.168.1.11', 1),
(39, 65, 'patient', 'patient', '2025-03-31 13:55:53', '192.168.1.11', 1),
(40, 65, 'patient', 'patient', '2025-03-31 13:57:38', '192.168.1.11', 1),
(41, 65, 'patient', 'patient', '2025-03-31 14:05:06', '192.168.1.11', 1),
(42, 103, 'vitya', 'admin', '2025-03-31 19:19:22', '192.168.1.11', 1),
(43, 103, 'vitya', 'admin', '2025-03-31 19:20:43', '192.168.1.11', 1),
(44, 102, 'polina', 'lab', '2025-03-31 19:37:08', '192.168.1.11', 1),
(45, 103, 'vitya', 'admin', '2025-03-31 19:40:23', '192.168.1.11', 1),
(46, 65, 'patient', 'patient', '2025-03-31 20:06:36', '192.168.1.11', 1),
(47, 65, 'patient', 'patient', '2025-03-31 20:07:39', '192.168.1.11', 1),
(48, 65, 'patient', 'patient', '2025-03-31 20:08:48', '192.168.1.11', 1),
(49, 65, 'patient', 'patient', '2025-03-31 20:10:35', '192.168.1.11', 1),
(50, 65, 'patient', 'patient', '2025-03-31 20:16:48', '192.168.1.11', 1),
(51, 65, 'patient', 'patient', '2025-03-31 20:18:03', '192.168.1.11', 1),
(52, 65, 'patient', 'patient', '2025-03-31 20:19:01', '192.168.1.11', 1),
(53, 65, 'patient', 'patient', '2025-03-31 20:21:27', '192.168.1.11', 1),
(54, 65, 'patient', 'patient', '2025-03-31 20:21:55', '192.168.1.11', 1),
(55, 65, 'patient', 'patient', '2025-03-31 20:23:00', '192.168.1.11', 1),
(56, 65, 'patient', 'patient', '2025-03-31 20:23:34', '192.168.1.11', 1),
(57, 65, 'patient', 'patient', '2025-03-31 20:25:26', '192.168.1.11', 1),
(58, 65, 'patient', 'patient', '2025-03-31 20:26:54', '192.168.1.11', 1),
(59, 65, 'patient', 'patient', '2025-03-31 20:28:21', '192.168.1.11', 1),
(60, 103, 'vitya', 'admin', '2025-03-31 20:31:38', '192.168.1.11', 1),
(61, 102, 'polina', 'lab', '2025-03-31 21:06:08', '192.168.1.11', 1),
(62, 102, 'polina', 'lab', '2025-03-31 21:07:35', '192.168.1.11', 1),
(63, 102, 'polina', 'lab', '2025-03-31 21:09:13', '192.168.1.11', 1),
(64, 102, 'polina', 'lab', '2025-03-31 21:10:27', '192.168.1.11', 1),
(65, 102, 'polina', 'lab', '2025-03-31 21:13:23', '192.168.1.11', 1),
(66, 102, 'polina', 'lab', '2025-03-31 21:14:18', '192.168.1.11', 1),
(67, 102, 'polina', 'lab', '2025-03-31 21:15:50', '192.168.1.11', 1),
(68, 102, 'polina', 'lab', '2025-03-31 21:19:16', '192.168.1.11', 1),
(69, 102, 'polina', 'lab', '2025-03-31 21:21:35', '192.168.1.11', 1),
(70, 102, 'polina', 'lab', '2025-03-31 21:25:01', '192.168.1.11', 1),
(71, 102, 'polina', 'lab', '2025-03-31 21:29:17', '192.168.1.11', 1),
(72, 65, 'patient', 'patient', '2025-03-31 21:31:15', '192.168.1.11', 1),
(73, 101, 'vag', 'buh', '2025-03-31 21:31:39', '192.168.1.11', 1),
(74, 103, 'vitya', 'admin', '2025-03-31 21:31:49', '192.168.1.11', 1),
(75, 102, 'polina', 'lab', '2025-03-31 21:39:07', '192.168.1.11', 1),
(76, 103, 'vitya', 'admin', '2025-03-31 21:39:26', '192.168.1.11', 1),
(77, 102, 'polina', 'lab', '2025-03-31 21:44:36', '192.168.1.11', 1),
(78, 102, 'polina', 'lab', '2025-03-31 21:47:41', '192.168.1.11', 1),
(79, 102, 'polina', 'lab', '2025-03-31 21:50:48', '192.168.1.11', 1),
(80, 102, 'polina', 'lab', '2025-03-31 21:52:19', '192.168.1.11', 1),
(81, 102, 'polina', 'lab', '2025-03-31 21:53:51', '192.168.1.11', 1),
(82, 102, 'polina', 'lab', '2025-03-31 21:57:49', '192.168.1.11', 1),
(83, 102, 'polina', 'lab', '2025-03-31 21:59:13', '192.168.1.11', 1),
(84, 102, 'polina', 'lab', '2025-03-31 22:09:07', '192.168.1.11', 1),
(85, 102, 'polina', 'lab', '2025-03-31 22:11:35', '192.168.1.11', 1),
(86, 102, 'polina', 'lab', '2025-03-31 22:13:03', '192.168.1.11', 1),
(87, 102, 'polina', 'lab', '2025-03-31 22:13:42', '192.168.1.11', 1),
(88, 102, 'polina', 'lab', '2025-03-31 22:14:30', '192.168.1.11', 1),
(89, 102, 'polina', 'lab', '2025-03-31 22:17:26', '192.168.1.11', 1),
(90, 102, 'polina', 'lab', '2025-03-31 22:19:36', '192.168.1.11', 1),
(91, 102, 'polina', 'lab', '2025-03-31 22:26:01', '192.168.1.11', 1),
(92, 102, 'polina', 'lab', '2025-03-31 22:33:58', '192.168.1.11', 1),
(93, 102, 'polina', 'lab', '2025-03-31 22:40:44', '192.168.1.11', 1),
(94, 102, 'polina', 'lab', '2025-03-31 22:43:30', '192.168.1.11', 1),
(95, 102, 'polina', 'lab', '2025-03-31 22:47:40', '192.168.1.11', 1),
(96, 102, 'polina', 'lab', '2025-03-31 23:13:01', '192.168.1.11', 1),
(97, 102, 'polina', 'lab', '2025-03-31 23:13:16', '192.168.1.11', 1),
(98, 102, 'polina', 'lab', '2025-03-31 23:15:40', '192.168.1.11', 1),
(99, 102, 'polina', 'lab', '2025-03-31 23:18:54', '192.168.1.11', 1),
(100, 102, 'polina', 'lab', '2025-03-31 23:24:23', '192.168.1.11', 1),
(101, 101, 'vag', 'buh', '2025-03-31 23:26:14', '192.168.1.11', 1),
(102, 103, 'vitya', 'admin', '2025-03-31 23:26:27', '192.168.1.11', 1),
(103, 65, 'patient', 'patient', '2025-03-31 23:29:56', '192.168.1.11', 1),
(104, 102, 'polina', 'lab', '2025-03-31 23:31:02', '192.168.1.11', 1),
(105, 102, 'polina', 'lab', '2025-03-31 23:41:02', '192.168.1.11', 1),
(106, 65, 'patient', 'patient', '2025-03-31 23:41:48', '192.168.1.11', 1),
(107, 102, 'polina', 'lab', '2025-04-01 00:15:24', '192.168.1.11', 1),
(108, 102, 'polina', 'lab', '2025-04-01 00:24:04', '192.168.1.11', 1),
(109, 65, 'patient', 'patient', '2025-04-01 00:24:22', '192.168.1.11', 1),
(110, 65, 'patient', 'patient', '2025-04-01 00:24:51', '192.168.1.11', 1),
(111, 102, 'polina', 'lab', '2025-04-01 00:25:13', '192.168.1.11', 1),
(112, 103, 'vitya', 'admin', '2025-04-01 00:25:43', '192.168.1.11', 1),
(113, 102, 'polina', 'lab', '2025-04-01 00:29:44', '192.168.1.11', 1),
(114, 102, 'polina', 'lab', '2025-04-01 00:30:21', '192.168.1.11', 1),
(115, 65, 'patient', 'patient', '2025-04-01 00:33:15', '192.168.1.11', 1),
(116, 65, 'patient', 'patient', '2025-04-01 00:34:20', '192.168.1.11', 1),
(117, 65, 'patient', 'patient', '2025-04-01 00:34:42', '192.168.1.11', 1),
(118, 65, 'patient', 'patient', '2025-04-01 00:35:18', '192.168.1.11', 1),
(119, 65, 'patient', 'patient', '2025-04-01 00:38:47', '192.168.1.11', 1),
(120, 65, 'patient', 'patient', '2025-04-01 00:40:55', '192.168.1.11', 1),
(121, 65, 'patient', 'patient', '2025-04-01 00:41:22', '192.168.1.11', 1),
(122, 102, 'polina', 'lab', '2025-04-01 00:42:31', '192.168.1.11', 1),
(123, 103, 'vitya', 'admin', '2025-04-01 00:44:23', '192.168.1.11', 1),
(124, 102, 'polina', 'lab', '2025-04-01 00:45:38', '192.168.1.11', 1),
(125, 102, 'polina', 'lab', '2025-04-01 00:46:49', '192.168.1.11', 1),
(126, 102, 'polina', 'lab', '2025-04-01 00:47:36', '192.168.1.11', 1),
(127, 103, 'vitya', 'admin', '2025-04-01 00:48:18', '192.168.1.11', 1),
(128, 103, 'vitya', 'admin', '2025-04-01 00:49:47', '192.168.1.11', 1),
(129, 103, 'vitya', 'admin', '2025-04-01 01:02:13', '192.168.1.11', 1),
(130, 103, 'vitya', 'admin', '2025-04-01 01:03:33', '192.168.1.11', 1),
(131, 103, 'vitya', 'admin', '2025-04-01 01:04:01', '192.168.1.11', 1),
(132, 103, 'vitya', 'admin', '2025-04-01 01:04:48', '192.168.1.11', 1),
(133, 103, 'vitya', 'admin', '2025-04-01 01:06:39', '192.168.1.11', 1),
(134, 103, 'vitya', 'admin', '2025-04-01 01:17:24', '192.168.1.11', 1),
(135, 103, 'vitya', 'admin', '2025-04-01 01:18:14', '192.168.1.11', 1),
(136, 103, 'vitya', 'admin', '2025-04-01 01:22:49', '192.168.1.11', 1),
(137, 103, 'vitya', 'admin', '2025-04-01 01:24:19', '192.168.1.11', 1),
(138, 65, 'patient', 'patient', '2025-04-01 16:39:01', '192.168.1.11', 1),
(139, 65, 'patient', 'patient', '2025-04-01 16:42:21', '192.168.1.11', 1),
(140, 65, 'patient', 'patient', '2025-04-01 16:44:00', '192.168.1.11', 1),
(141, 65, 'patient', 'patient', '2025-04-01 16:47:56', '192.168.1.11', 1),
(142, 101, 'vag', 'buh', '2025-04-03 13:50:39', '192.168.1.11', 1),
(143, 65, 'patient', 'patient', '2025-04-03 13:58:43', '192.168.1.11', 1),
(144, 65, 'patient', 'patient', '2025-04-03 14:06:05', '192.168.1.11', 1),
(145, 65, 'patient', 'patient', '2025-04-03 14:07:23', '192.168.1.11', 1),
(146, 102, 'polina', 'lab', '2025-04-03 14:07:50', '192.168.1.11', 1),
(147, 102, 'polina', 'lab', '2025-04-03 14:27:11', '192.168.1.11', 1),
(148, 102, 'polina', 'lab', '2025-04-03 14:29:54', '192.168.1.11', 1),
(149, 102, 'polina', 'lab', '2025-04-03 14:31:11', '192.168.1.11', 1),
(150, 103, 'vitya', 'admin', '2025-04-03 14:32:14', '192.168.1.11', 1),
(151, 102, 'polina', 'lab', '2025-04-03 14:42:49', '192.168.1.11', 1),
(152, 65, 'patient', 'patient', '2025-04-03 14:53:49', '192.168.1.11', 1),
(153, 102, 'polina', 'lab', '2025-04-03 14:54:54', '192.168.1.11', 1),
(154, 103, 'vitya', 'admin', '2025-04-03 14:56:03', '192.168.1.11', 1),
(155, 103, 'vitya', 'admin', '2025-04-03 15:57:20', '192.168.1.11', 1),
(156, 103, 'vitya', 'admin', '2025-04-03 16:06:04', '192.168.1.11', 1),
(157, 103, 'vitya', 'admin', '2025-04-03 16:26:36', '192.168.1.11', 1),
(158, 103, 'vitya', 'admin', '2025-04-03 16:28:30', '192.168.1.11', 1),
(159, 103, 'vitya', 'admin', '2025-04-03 16:33:32', '192.168.1.11', 1),
(160, 103, 'vitya', 'admin', '2025-04-03 16:34:42', '192.168.1.11', 1),
(161, 103, 'vitya', 'admin', '2025-04-03 16:38:19', '192.168.1.11', 1),
(162, 103, 'vitya', 'admin', '2025-04-03 16:41:38', '192.168.1.11', 1),
(163, 103, 'vitya', 'admin', '2025-04-03 16:47:48', '192.168.1.11', 1),
(164, 103, 'vitya', 'admin', '2025-04-03 16:56:03', '192.168.1.11', 1),
(165, 103, 'vitya', 'admin', '2025-04-03 16:57:59', '192.168.1.11', 1),
(166, 65, 'patient', 'patient', '2025-04-03 17:03:35', '192.168.1.11', 1),
(167, 102, 'polina', 'lab', '2025-04-03 17:03:54', '192.168.1.11', 1),
(168, 103, 'vitya', 'admin', '2025-04-03 17:04:59', '192.168.1.11', 1),
(169, 103, 'vitya', 'admin', '2025-04-03 17:06:23', '192.168.1.11', 1),
(170, 103, 'vitya', 'admin', '2025-04-03 17:06:53', '192.168.1.11', 1),
(171, 101, 'vag', 'buh', '2025-04-03 17:18:22', '192.168.1.11', 1),
(172, 101, 'vag', 'buh', '2025-04-03 17:18:33', '192.168.1.11', 1);

-- --------------------------------------------------------

--
-- Структура таблицы `blood`
--

CREATE TABLE `blood` (
  `id` int NOT NULL,
  `patient` int NOT NULL,
  `barcode` bigint NOT NULL,
  `date` datetime NOT NULL,
  `lab_assistant_id` int NOT NULL
) ENGINE=InnoDB DEFAULT CHARSET=utf8mb4 COLLATE=utf8mb4_0900_ai_ci;

--
-- Дамп данных таблицы `blood`
--

INSERT INTO `blood` (`id`, `patient`, `barcode`, `date`, `lab_assistant_id`) VALUES
(22, 54, 5299197, '2025-02-10 00:57:02', 64),
(25, 35, 6750217, '2025-03-09 00:57:02', 21),
(79, 22, 8948808, '2025-03-06 00:57:02', 91),
(87, 51, 1379363, '2025-03-30 00:57:02', 48),
(116, 44, 4255816, '2025-02-07 00:57:02', 34),
(124, 28, 9864326, '2025-03-15 00:57:02', 10),
(141, 51, 1934740, '2025-02-13 00:57:02', 95),
(156, 51, 3116991, '2025-03-26 00:57:02', 29),
(190, 2, 3702195, '2025-03-23 00:57:02', 85),
(191, 17, 1783711, '2025-03-07 00:57:02', 84),
(222, 52, 3382032, '2025-02-18 00:57:02', 12),
(230, 4, 7662312, '2025-03-19 00:57:02', 27),
(243, 17, 4222877, '2025-03-31 00:57:02', 102),
(288, 26, 2193797, '2025-03-07 00:57:02', 63),
(296, 56, 9812118, '2025-03-28 00:57:02', 31),
(308, 39, 2534144, '2025-03-28 00:57:02', 32),
(310, 6, 5441908, '2025-03-21 00:57:02', 37),
(324, 25, 9669380, '2025-02-19 00:57:02', 37),
(348, 40, 4434378, '2025-02-05 00:57:02', 83),
(351, 59, 8046544, '2025-03-02 00:57:02', 32),
(355, 64, 3155382, '2025-02-12 00:57:02', 15),
(366, 53, 5056263, '2025-03-03 00:57:02', 38),
(377, 13, 7038629, '2025-03-30 00:57:02', 66),
(383, 9, 8630321, '2025-02-17 00:57:02', 22),
(395, 21, 4319888, '2025-02-28 00:57:02', 70),
(424, 37, 6653280, '2025-03-03 00:57:02', 102),
(468, 49, 1538428, '2025-02-11 00:57:02', 18),
(473, 63, 6245406, '2025-02-21 00:57:02', 30),
(497, 50, 2554643, '2025-02-11 00:57:02', 81),
(500, 15, 6263432, '2025-03-24 00:57:02', 88),
(519, 33, 7064658, '2025-03-17 00:57:02', 50),
(527, 63, 2342203, '2025-02-07 00:57:02', 29),
(538, 24, 2094875, '2025-02-22 00:57:02', 39),
(547, 60, 9661304, '2025-03-02 00:57:02', 56),
(558, 51, 9816067, '2025-02-20 00:57:02', 54),
(572, 37, 2908181, '2025-02-12 00:57:02', 82),
(589, 1, 5787021, '2025-03-31 00:57:02', 26),
(618, 5, 2294848, '2025-02-17 00:57:02', 69),
(619, 27, 3833054, '2025-02-28 00:57:02', 103),
(625, 7, 5790967, '2025-02-27 00:57:02', 61),
(642, 64, 5809767, '2025-03-23 00:57:02', 14),
(643, 61, 4323877, '2025-03-26 00:57:02', 48),
(646, 4, 4633985, '2025-03-28 00:57:02', 38),
(647, 54, 8535319, '2025-04-01 00:57:02', 44),
(660, 60, 6198903, '2025-02-08 00:57:02', 44),
(664, 36, 9004658, '2025-03-13 00:57:02', 4),
(698, 35, 1241815, '2025-04-01 00:57:02', 82),
(709, 8, 1700756, '2025-03-27 00:57:02', 21),
(746, 48, 8311521, '2025-03-07 00:57:02', 14),
(783, 65, 6020688, '2025-02-09 00:57:02', 54),
(788, 13, 3954173, '2025-03-31 00:57:02', 2),
(797, 3, 3855823, '2025-02-28 00:57:02', 16),
(809, 60, 1208156, '2025-02-24 00:57:02', 65),
(816, 22, 5597856, '2025-03-09 00:57:02', 23),
(833, 25, 7148903, '2025-03-21 00:57:02', 87),
(836, 9, 9250740, '2025-02-14 00:57:02', 45),
(849, 30, 4358805, '2025-03-17 00:57:02', 38),
(856, 14, 4244863, '2025-02-01 00:57:02', 97),
(896, 4, 2832154, '2025-03-20 00:57:02', 18),
(911, 16, 8112504, '2025-03-28 00:57:02', 89),
(918, 15, 3887118, '2025-02-18 00:57:02', 97),
(940, 27, 5282911, '2025-03-14 00:57:02', 5),
(943, 55, 8233633, '2025-03-07 00:57:02', 92),
(950, 65, 2339089, '2025-03-20 00:57:02', 82),
(1001, 1, 9864327, '2025-02-14 00:57:02', 102),
(1002, 65, 9864328, '2025-03-18 00:57:02', 102),
(1003, 65, 9864329, '2025-02-06 00:57:02', 102),
(1004, 5, 9864330, '2025-02-11 00:57:02', 102),
(1005, 48, 9864331, '2025-03-12 00:57:02', 102),
(1006, 59, 9864332, '2025-03-15 00:57:02', 102),
(1007, 65, 9864333, '2025-04-03 00:00:00', 102);

-- --------------------------------------------------------

--
-- Структура таблицы `blood_services`
--

CREATE TABLE `blood_services` (
  `id` int NOT NULL,
  `service` int NOT NULL,
  `result` double(8,8) NOT NULL,
  `finished` date DEFAULT NULL,
  `accepted` tinyint(1) NOT NULL,
  `status` int NOT NULL,
  `analyzer` int NOT NULL,
  `user` int NOT NULL,
  `blood` int NOT NULL COMMENT 'номер заказа (т.к. в одном заказе одна кровь)'
) ENGINE=InnoDB DEFAULT CHARSET=utf8mb4 COLLATE=utf8mb4_0900_ai_ci;

--
-- Дамп данных таблицы `blood_services`
--

INSERT INTO `blood_services` (`id`, `service`, `result`, `finished`, `accepted`, `status`, `analyzer`, `user`, `blood`) VALUES
(1, 415, 0.20596000, '2025-02-22', 1, 1, 1, 53, 647),
(2, 548, 0.32315000, '2025-02-28', 1, 1, 1, 42, 660),
(3, 229, 0.87765000, '2025-03-30', 1, 2, 1, 86, 816),
(4, 287, 0.70653000, '2025-02-19', 0, 2, 1, 87, 116),
(6, 176, 0.82349000, '2025-03-03', 0, 2, 2, 85, 538),
(8, 229, 0.26165000, '2025-03-11', 0, 1, 2, 83, 836),
(9, 797, 0.75965000, '2025-03-12', 0, 1, 2, 49, 230),
(24, 258, 0.55150000, '2025-02-25', 0, 1, 2, 40, 190),
(27, 323, 0.73895000, '2025-03-02', 0, 1, 2, 99, 918),
(32, 176, 0.25445000, '2025-03-31', 1, 1, 2, 64, 377),
(34, 258, 0.59730000, '2025-03-30', 0, 1, 1, 60, 589),
(35, 311, 0.60158000, '2025-03-28', 0, 2, 1, 21, 625),
(40, 287, 0.79542000, '2025-03-17', 1, 2, 2, 69, 849),
(41, 415, 0.92081000, '2025-03-13', 1, 1, 1, 38, 643),
(45, 258, 0.83208000, '2025-03-22', 0, 1, 1, 94, 836),
(48, 323, 0.87803000, '2025-02-26', 1, 2, 1, 97, 348),
(49, 287, 0.54890000, '2025-03-20', 1, 2, 2, 86, 950),
(54, 258, 0.14068000, '2025-03-30', 0, 2, 1, 41, 572),
(55, 855, 0.71921000, '2025-03-19', 1, 1, 1, 13, 664),
(56, 797, 0.90594000, '2025-03-16', 1, 1, 1, 51, 809),
(57, 176, 0.07803000, '2025-02-19', 0, 1, 1, 20, 572),
(58, 229, 0.13137000, '2025-03-03', 1, 1, 2, 93, 22),
(61, 548, 0.44258000, '2025-03-10', 1, 2, 2, 13, 664),
(64, 258, 0.85642000, '2025-03-09', 1, 2, 1, 26, 296),
(68, 258, 0.29841000, '2025-03-27', 0, 1, 2, 47, 519),
(78, 855, 0.20061000, '2025-02-18', 1, 2, 2, 88, 190),
(80, 229, 0.38659000, '2025-03-05', 1, 2, 2, 38, 191),
(81, 415, 0.17931000, '2025-03-26', 1, 1, 2, 70, 918),
(88, 176, 0.56096000, '2025-02-28', 1, 2, 1, 10, 310),
(89, 548, 0.55271000, '2025-03-17', 1, 2, 1, 5, 351),
(91, 287, 0.48404000, '2025-03-09', 1, 2, 1, 8, 896),
(99, 287, 0.77066000, '2025-03-06', 1, 2, 1, 20, 324),
(100, 797, 0.31087000, '2025-03-14', 1, 2, 1, 38, 468),
(102, 311, 0.64779000, '2025-03-21', 0, 1, 2, 79, 308),
(103, 287, 0.93109000, '2025-03-30', 0, 1, 1, 9, 572),
(104, 311, 0.97092000, '2025-03-13', 1, 2, 1, 11, 788),
(106, 415, 0.22856000, '2025-03-29', 0, 1, 2, 8, 497),
(107, 548, 0.51290000, '2025-02-20', 1, 1, 1, 96, 618),
(120, 855, 0.03385000, '2025-03-08', 1, 2, 1, 8, 222),
(121, 415, 0.07602000, '2025-02-19', 0, 2, 2, 68, 943),
(128, 229, 0.55726000, '2025-03-26', 0, 2, 1, 10, 468),
(132, 176, 0.25671000, '2025-02-28', 1, 2, 2, 42, 355),
(136, 548, 0.01918000, '2025-03-15', 1, 2, 2, 62, 230),
(138, 258, 0.07413000, '2025-03-02', 0, 2, 1, 62, 468),
(141, 415, 0.16257000, '2025-03-18', 0, 2, 1, 75, 351),
(148, 548, 0.19352000, '2025-03-11', 0, 2, 1, 13, 698),
(150, 311, 0.50333000, '2025-03-13', 0, 2, 2, 63, 366),
(151, 323, 0.87121000, '2025-02-26', 1, 1, 1, 51, 383),
(152, 855, 0.05779000, '2025-03-05', 1, 1, 1, 31, 558),
(153, 176, 0.28212000, '2025-02-27', 0, 2, 2, 60, 642),
(158, 258, 0.96719000, '2025-02-20', 1, 1, 2, 41, 746),
(159, 855, 0.71179000, '2025-03-16', 0, 2, 1, 37, 25),
(165, 229, 0.07709000, '2025-03-31', 0, 2, 2, 30, 896),
(166, 548, 0.77362000, '2025-02-20', 1, 2, 1, 34, 377),
(168, 323, 0.36839000, '2025-03-02', 1, 2, 1, 11, 348),
(171, 415, 0.29474000, '2025-03-03', 1, 1, 2, 24, 558),
(173, 287, 0.21449000, '2025-03-21', 1, 2, 2, 44, 618),
(177, 258, 0.65236000, '2025-03-21', 1, 1, 2, 55, 797),
(183, 258, 0.05632000, '2025-03-11', 0, 1, 2, 71, 288),
(184, 287, 0.27164000, '2025-03-04', 0, 2, 2, 53, 646),
(193, 258, 0.04706000, '2025-02-24', 1, 1, 1, 56, 746),
(194, 548, 0.16309000, '2025-03-22', 0, 1, 2, 12, 190),
(201, 323, 0.25892000, '2025-03-08', 0, 1, 2, 15, 424),
(202, 311, 0.29801000, '2025-03-24', 1, 2, 2, 28, 943),
(203, 258, 0.07559000, '2025-03-22', 1, 1, 1, 15, 646),
(207, 229, 0.35711000, '2025-03-06', 0, 2, 2, 80, 833),
(209, 323, 0.59146000, '2025-03-18', 0, 2, 2, 29, 22),
(210, 229, 0.01244000, '2025-02-27', 1, 1, 2, 5, 698),
(217, 229, 0.62648000, '2025-02-20', 0, 2, 2, 47, 642),
(223, 323, 0.32646000, '2025-03-18', 0, 1, 2, 83, 468),
(225, 323, 0.40255000, '2025-02-26', 0, 1, 1, 17, 243),
(232, 415, 0.56360000, '2025-03-30', 0, 1, 2, 56, 797),
(236, 415, 0.33973000, '2025-02-28', 0, 2, 1, 51, 646),
(237, 548, 0.59097000, '2025-03-02', 1, 2, 1, 20, 87),
(242, 548, 0.05047000, '2025-03-20', 0, 1, 1, 82, 424),
(243, 311, 0.69041000, '2025-03-23', 1, 2, 2, 62, 643),
(250, 323, 0.03350000, '2025-03-24', 1, 1, 2, 98, 572),
(251, 287, 0.08174000, '2025-03-18', 0, 1, 2, 85, 424),
(252, 176, 0.82788000, '2025-03-28', 1, 1, 1, 72, 538),
(256, 287, 0.40567000, '2025-03-12', 0, 2, 2, 30, 788),
(259, 415, 0.13284000, '2025-03-30', 1, 2, 2, 83, 833),
(260, 311, 0.57070000, '2025-02-28', 1, 2, 1, 98, 698),
(262, 311, 0.91438000, '2025-03-03', 0, 1, 1, 18, 288),
(266, 258, 0.40538000, '2025-03-27', 1, 1, 2, 85, 797),
(270, 855, 0.88862000, '2025-03-10', 0, 2, 1, 4, 940),
(275, 797, 0.67313000, '2025-03-20', 0, 1, 2, 66, 664),
(277, 311, 0.51654000, '2025-02-25', 1, 2, 2, 25, 809),
(278, 176, 0.67289000, '2025-03-21', 0, 1, 1, 100, 816),
(279, 311, 0.46772000, '2025-02-24', 1, 1, 1, 20, 918),
(281, 229, 0.27074000, '2025-03-13', 1, 1, 2, 26, 698),
(282, 176, 0.68085000, '2025-03-02', 0, 2, 1, 9, 538),
(283, 311, 0.74859000, '2025-03-23', 1, 1, 1, 20, 190),
(291, 311, 0.42651000, '2025-02-24', 0, 1, 2, 24, 288),
(293, 176, 0.47508000, '2025-03-04', 1, 2, 1, 2, 664),
(296, 287, 0.41050000, '2025-03-02', 0, 1, 2, 58, 497),
(297, 287, 0.85316000, '2025-03-07', 0, 1, 1, 64, 943),
(299, 258, 0.28566000, '2025-02-26', 1, 1, 1, 77, 572),
(300, 548, 0.85214000, '2025-03-20', 1, 2, 1, 23, 538),
(304, 855, 0.77846000, '2025-02-21', 1, 1, 2, 16, 500),
(306, 323, 0.68632000, '2025-02-24', 1, 2, 1, 8, 646),
(309, 258, 0.86477000, '2025-03-15', 1, 2, 2, 16, 911),
(310, 548, 0.23196000, '2025-03-14', 1, 1, 2, 30, 79),
(314, 855, 0.20005000, '2025-02-19', 1, 1, 2, 81, 191),
(319, 323, 0.87857000, '2025-03-10', 1, 2, 2, 80, 366),
(322, 258, 0.20758000, '2025-03-02', 0, 2, 1, 16, 642),
(324, 855, 0.89278000, '2025-02-19', 0, 1, 1, 23, 288),
(325, 415, 0.47750000, '2025-03-01', 1, 1, 1, 24, 911),
(326, 855, 0.75702000, '2025-03-01', 1, 2, 1, 96, 124),
(329, 229, 0.59170000, '2025-03-11', 1, 1, 2, 3, 816),
(330, 287, 0.01967000, '2025-03-23', 0, 1, 1, 68, 664),
(331, 229, 0.04593000, '2025-03-09', 1, 2, 1, 6, 647),
(333, 176, 0.09417000, '2025-03-26', 0, 1, 2, 81, 324),
(334, 287, 0.95537000, '2025-03-31', 1, 2, 1, 70, 141),
(337, 287, 0.99997000, '2025-03-04', 1, 2, 1, 58, 816),
(343, 855, 0.90379000, '2025-03-22', 1, 2, 1, 95, 116),
(348, 855, 0.19527000, '2025-03-23', 1, 2, 1, 47, 324),
(355, 855, 0.81819000, '2025-03-18', 0, 1, 1, 4, 849),
(358, 855, 0.41650000, '2025-03-29', 0, 1, 1, 13, 950),
(362, 287, 0.51950000, '2025-03-21', 0, 1, 2, 63, 943),
(366, 176, 0.16941000, '2025-03-28', 0, 2, 1, 29, 22),
(368, 415, 0.53006000, '2025-03-03', 0, 1, 1, 82, 643),
(373, 548, 0.12751000, '2025-03-24', 0, 1, 1, 69, 856),
(384, 311, 0.45028000, '2025-02-24', 1, 1, 1, 77, 355),
(393, 797, 0.11562000, '2025-03-03', 1, 1, 2, 29, 527),
(394, 855, 0.31150000, '2025-02-23', 0, 2, 2, 73, 788),
(399, 797, 0.16042000, '2025-03-18', 1, 1, 1, 11, 816),
(401, 415, 0.63369000, '2025-02-19', 1, 2, 1, 5, 783),
(402, 797, 0.19374000, '2025-02-25', 0, 2, 2, 67, 950),
(403, 855, 0.02675000, '2025-03-20', 0, 2, 2, 80, 468),
(404, 415, 0.38788000, '2025-02-22', 0, 2, 1, 22, 473),
(408, 229, 0.76167000, '2025-03-07', 1, 2, 1, 2, 87),
(410, 287, 0.91192000, '2025-03-18', 0, 1, 1, 80, 351),
(417, 311, 0.56976000, '2025-02-26', 0, 1, 2, 64, 79),
(418, 797, 0.93110000, '2025-03-28', 0, 2, 1, 31, 642),
(420, 415, 0.74392000, '2025-03-31', 1, 1, 1, 33, 243),
(421, 287, 0.65703000, '2025-02-24', 1, 1, 1, 90, 647),
(422, 323, 0.01138000, '2025-03-25', 1, 2, 1, 25, 230),
(426, 797, 0.29993000, '2025-03-20', 1, 1, 2, 64, 308),
(428, 176, 0.64655000, '2025-02-22', 1, 1, 1, 61, 746),
(430, 855, 0.41263000, '2025-03-05', 0, 2, 1, 43, 22),
(436, 323, 0.67525000, '2025-03-10', 1, 1, 1, 93, 500),
(442, 855, 0.72348000, '2025-03-02', 0, 2, 2, 74, 643),
(443, 229, 0.43683000, '2025-02-22', 1, 2, 2, 38, 230),
(446, 415, 0.77765000, '2025-03-14', 0, 1, 2, 28, 190),
(447, 855, 0.75877000, '2025-03-17', 0, 1, 2, 86, 647),
(452, 415, 0.14364000, '2025-03-11', 1, 2, 2, 75, 547),
(459, 311, 0.43008000, '2025-03-13', 1, 1, 1, 21, 296),
(461, 323, 0.67569000, '2025-02-28', 1, 2, 1, 93, 377),
(462, 176, 0.30138000, '2025-03-16', 0, 2, 1, 8, 222),
(465, 323, 0.46993000, '2025-03-05', 0, 2, 2, 79, 351),
(467, 323, 0.52738000, '2025-03-30', 0, 2, 1, 13, 896),
(468, 176, 0.07092000, '2025-03-18', 0, 1, 2, 40, 797),
(472, 287, 0.75808000, '2025-03-10', 0, 2, 2, 21, 788),
(473, 797, 0.09086000, '2025-03-06', 1, 1, 2, 8, 856),
(476, 548, 0.04854000, '2025-03-10', 1, 1, 2, 36, 473),
(477, 855, 0.90845000, '2025-03-03', 1, 1, 2, 86, 788),
(478, 415, 0.66540000, '2025-02-24', 1, 2, 2, 86, 642),
(491, 176, 0.14365000, '2025-03-24', 1, 1, 2, 53, 366),
(494, 415, 0.54532000, '2025-03-16', 0, 1, 2, 12, 709),
(496, 258, 0.90159000, '2025-03-18', 1, 2, 2, 96, 519),
(499, 797, 0.51001000, '2025-03-11', 0, 1, 2, 67, 619),
(500, 548, 0.95381000, '2025-03-11', 1, 2, 1, 97, 87),
(502, 323, 0.09628000, '2025-02-19', 1, 2, 2, 95, 547),
(505, 311, 0.63576000, '2025-03-14', 1, 2, 1, 26, 156),
(507, 855, 0.61745000, '2025-03-27', 0, 1, 2, 14, 296),
(510, 176, 0.33750000, '2025-03-18', 0, 1, 1, 15, 646),
(512, 287, 0.43806000, '2025-03-18', 1, 2, 2, 64, 473),
(513, 797, 0.89628000, '2025-03-04', 1, 2, 2, 16, 190),
(516, 415, 0.69540000, '2025-03-21', 0, 2, 2, 95, 308),
(518, 323, 0.79853000, '2025-03-17', 1, 1, 1, 53, 643),
(521, 855, 0.11505000, '2025-02-21', 1, 2, 1, 63, 643),
(525, 415, 0.86579000, '2025-03-06', 1, 2, 2, 66, 366),
(533, 548, 0.15789000, '2025-03-20', 1, 2, 1, 52, 646),
(535, 311, 0.68672000, '2025-03-09', 1, 2, 1, 79, 797),
(542, 797, 0.41129000, '2025-02-24', 0, 2, 2, 44, 377),
(544, 855, 0.31038000, '2025-03-05', 1, 2, 2, 46, 589),
(546, 548, 0.62443000, '2025-03-06', 1, 2, 1, 55, 619),
(556, 855, 0.51931000, '2025-03-24', 1, 2, 2, 13, 643),
(560, 311, 0.88700000, '2025-03-27', 1, 1, 2, 19, 950),
(565, 287, 0.08631000, '2025-02-21', 0, 1, 1, 57, 918),
(566, 287, 0.35615000, '2025-03-19', 0, 1, 1, 11, 642),
(574, 229, 0.00699000, '2025-02-27', 1, 1, 2, 4, 79),
(577, 258, 0.39536000, '2025-02-19', 0, 2, 2, 6, 395),
(578, 311, 0.77022000, '2025-03-12', 0, 1, 2, 77, 395),
(579, 548, 0.05415000, '2025-03-14', 1, 1, 2, 56, 783),
(582, 258, 0.56820000, '2025-03-04', 0, 2, 2, 84, 836),
(583, 323, 0.60316000, '2025-03-28', 1, 2, 1, 76, 395),
(587, 548, 0.42607000, '2025-03-11', 1, 2, 1, 19, 625),
(589, 229, 0.67762000, '2025-03-26', 1, 1, 2, 39, 222),
(593, 311, 0.70952000, '2025-03-23', 0, 2, 1, 72, 527),
(598, 176, 0.06332000, '2025-03-03', 0, 1, 2, 26, 519),
(600, 797, 0.99956000, '2025-03-01', 1, 2, 1, 89, 424),
(602, 797, 0.62586000, '2025-03-06', 0, 2, 2, 87, 519),
(604, 229, 0.42118000, '2025-02-24', 0, 2, 2, 67, 698),
(613, 415, 0.74357000, '2025-03-16', 1, 2, 2, 38, 497),
(614, 548, 0.52296000, '2025-03-16', 1, 2, 2, 42, 538),
(617, 415, 0.34187000, '2025-02-28', 1, 1, 2, 24, 310),
(622, 855, 0.61537000, '2025-03-04', 0, 2, 2, 6, 351),
(626, 797, 0.56864000, '2025-02-18', 0, 2, 2, 14, 500),
(629, 323, 0.76371000, '2025-02-18', 1, 2, 1, 62, 809),
(631, 176, 0.12716000, '2025-02-20', 0, 1, 1, 71, 746),
(634, 415, 0.28188000, '2025-03-01', 0, 2, 2, 32, 87),
(635, 311, 0.13942000, '2025-02-25', 1, 1, 2, 45, 424),
(638, 855, 0.80647000, '2025-02-22', 1, 1, 2, 94, 468),
(649, 855, 0.15631000, '2025-03-31', 1, 2, 1, 5, 918),
(651, 548, 0.65959000, '2025-03-16', 1, 2, 1, 82, 468),
(652, 287, 0.82385000, '2025-02-25', 1, 1, 2, 84, 643),
(653, 797, 0.08578000, '2025-03-29', 1, 2, 1, 91, 943),
(654, 855, 0.86251000, '2025-02-27', 1, 1, 2, 36, 849),
(658, 415, 0.67448000, '2025-03-02', 1, 2, 1, 11, 22),
(661, 548, 0.66690000, '2025-03-21', 1, 1, 2, 87, 383),
(663, 855, 0.63391000, '2025-03-29', 1, 1, 1, 56, 468),
(664, 229, 0.80410000, '2025-03-08', 0, 2, 2, 26, 296),
(667, 229, 0.51353000, '2025-03-06', 0, 1, 2, 60, 797),
(668, 311, 0.51610000, '2025-03-17', 1, 1, 1, 20, 527),
(670, 176, 0.29065000, '2025-02-23', 0, 1, 1, 91, 296),
(671, 287, 0.16852000, '2025-03-15', 1, 1, 1, 78, 836),
(676, 415, 0.60164000, '2025-03-17', 0, 2, 2, 7, 190),
(678, 258, 0.53433000, '2025-03-10', 0, 1, 1, 68, 424),
(680, 176, 0.05412000, '2025-03-10', 0, 2, 2, 10, 527),
(682, 176, 0.54364000, '2025-03-29', 0, 2, 2, 40, 310),
(683, 229, 0.10601000, '2025-02-28', 1, 2, 2, 4, 856),
(697, 415, 0.10253000, '2025-03-08', 0, 1, 2, 76, 642),
(699, 415, 0.00434000, '2025-03-10', 1, 2, 1, 94, 324),
(701, 855, 0.28457000, '2025-02-21', 1, 1, 1, 29, 473),
(706, 855, 0.70149000, '2025-03-29', 0, 2, 1, 1, 348),
(707, 548, 0.21615000, '2025-03-08', 1, 1, 1, 20, 646),
(709, 548, 0.80837000, '2025-03-08', 1, 2, 1, 97, 643),
(712, 548, 0.20818000, '2025-03-26', 0, 2, 2, 88, 519),
(713, 311, 0.40765000, '2025-02-18', 1, 1, 1, 38, 646),
(714, 323, 0.31461000, '2025-03-08', 1, 1, 2, 91, 366),
(723, 323, 0.07958000, '2025-02-25', 0, 2, 2, 43, 497),
(725, 229, 0.48411000, '2025-03-12', 0, 2, 1, 37, 788),
(726, 176, 0.61771000, '2025-02-25', 0, 2, 2, 20, 383),
(730, 287, 0.32387000, '2025-02-28', 0, 2, 2, 84, 497),
(732, 287, 0.35227000, '2025-03-22', 0, 2, 2, 70, 538),
(735, 323, 0.63891000, '2025-02-21', 1, 2, 1, 40, 746),
(736, 855, 0.22816000, '2025-02-22', 1, 1, 2, 98, 647),
(740, 855, 0.06387000, '2025-03-03', 0, 2, 1, 59, 22),
(742, 548, 0.61556000, '2025-02-27', 1, 1, 1, 68, 572),
(743, 797, 0.79233000, '2025-02-25', 1, 1, 2, 95, 348),
(755, 287, 0.02131000, '2025-02-25', 0, 2, 1, 40, 519),
(756, 855, 0.98537000, '2025-03-06', 0, 2, 1, 69, 911),
(758, 415, 0.51072000, '2025-03-07', 0, 2, 2, 58, 625),
(759, 323, 0.75530000, '2025-03-28', 1, 2, 1, 66, 230),
(762, 229, 0.60488000, '2025-03-04', 0, 1, 1, 30, 383),
(769, 176, 0.63848000, '2025-03-28', 1, 2, 1, 95, 856),
(772, 258, 0.55111000, '2025-03-16', 0, 1, 1, 95, 896),
(777, 548, 0.46186000, '2025-03-05', 0, 1, 2, 55, 809),
(782, 176, 0.47844000, '2025-03-28', 1, 2, 1, 58, 519),
(790, 258, 0.20462000, '2025-03-13', 0, 2, 1, 93, 646),
(792, 548, 0.51686000, '2025-03-31', 1, 1, 1, 13, 746),
(793, 229, 0.36286000, '2025-02-27', 0, 1, 1, 88, 424),
(794, 176, 0.33332000, '2025-02-27', 1, 1, 1, 70, 116),
(797, 258, 0.19771000, '2025-03-07', 1, 1, 1, 20, 308),
(798, 323, 0.47916000, '2025-03-07', 0, 1, 2, 61, 943),
(802, 258, 0.05993000, '2025-03-25', 1, 2, 1, 15, 222),
(803, 176, 0.16855000, '2025-03-28', 0, 2, 2, 57, 424),
(804, 855, 0.73257000, '2025-02-23', 0, 1, 1, 75, 497),
(806, 548, 0.54148000, '2025-03-25', 0, 2, 2, 30, 156),
(811, 797, 0.88406000, '2025-03-24', 1, 2, 1, 98, 310),
(812, 287, 0.33026000, '2025-03-15', 1, 2, 1, 66, 351),
(815, 311, 0.62100000, '2025-03-14', 1, 2, 2, 42, 473),
(816, 287, 0.11063000, '2025-02-21', 0, 1, 2, 25, 836),
(819, 548, 0.99050000, '2025-03-19', 0, 1, 2, 39, 538),
(823, 855, 0.67510000, '2025-03-01', 1, 1, 1, 37, 943),
(825, 415, 0.04467000, '2025-03-01', 0, 1, 1, 19, 646),
(826, 323, 0.43000000, '2025-03-12', 1, 2, 2, 101, 519),
(827, 258, 0.06700000, '2025-03-23', 0, 2, 2, 102, 1003),
(828, 501, 0.00000000, NULL, 0, 2, 1, 102, 1006);

-- --------------------------------------------------------

--
-- Структура таблицы `patients`
--

CREATE TABLE `patients` (
  `id` int NOT NULL,
  `full_name` varchar(100) DEFAULT NULL,
  `login` varchar(50) DEFAULT NULL,
  `pwd` varchar(50) DEFAULT NULL,
  `guid` varchar(250) DEFAULT NULL,
  `email` varchar(100) DEFAULT NULL,
  `social_sec_number` varchar(20) DEFAULT NULL,
  `ein` varchar(20) DEFAULT NULL,
  `social_type` varchar(10) DEFAULT NULL,
  `phone` varchar(50) DEFAULT NULL,
  `passport_s` varchar(10) DEFAULT NULL,
  `passport_n` varchar(10) DEFAULT NULL,
  `birthdate_timestamp` bigint DEFAULT NULL,
  `country` varchar(50) DEFAULT NULL,
  `insurance_name` varchar(50) DEFAULT NULL,
  `insurance_address` varchar(100) DEFAULT NULL,
  `insurance_inn` varchar(20) DEFAULT NULL,
  `ipadress` varchar(20) DEFAULT NULL,
  `insurance_p_c` varchar(20) DEFAULT NULL,
  `insurance_bik` varchar(20) DEFAULT NULL,
  `ua` text
) ENGINE=InnoDB DEFAULT CHARSET=utf8mb4 COLLATE=utf8mb4_0900_ai_ci;

--
-- Дамп данных таблицы `patients`
--

INSERT INTO `patients` (`id`, `full_name`, `login`, `pwd`, `guid`, `email`, `social_sec_number`, `ein`, `social_type`, `phone`, `passport_s`, `passport_n`, `birthdate_timestamp`, `country`, `insurance_name`, `insurance_address`, `insurance_inn`, `ipadress`, `insurance_p_c`, `insurance_bik`, `ua`) VALUES
(1, 'Glyn Dunkerly', 'gdunkerly0', 'IGU2Q1qifXuf', 'da293d99-95aa-4254-8c7e-c9e9270ef3f7', 'gdunkerly0@ted.com', '93766273', '04-6439890', 'oms', '+86 (106) 695-3205', '9091', '129038', -716240535000, 'China', 'Avamba', '0536 Bunker Hill Plaza', '2716833', '227.113.77.41', '553793026', '180522995', 'Mozilla/5.0 (X11; CrOS i686 0.13.587) AppleWebKit/535.1 (KHTML, like Gecko) Chrome/13.0.782.14 Safari/535.1'),
(2, 'Jeanne Restill', 'jrestill1', 'sqIBkp', 'dcb31c2f-fa2f-4792-b318-13cbf62a382e', 'jrestill1@feedburner.com', '92610882', '17-9529230', 'oms', '+234 (336) 298-8675', '4446', '615819', 423928648000, 'Nigeria', 'Chatterpoint', '45 Boyd Place', '6233619', '203.227.211.218', '531363170', '629384303', 'Mozilla/5.0 (X11; U; Linux x86_64; en-US) AppleWebKit/535.1 (KHTML, like Gecko) Chrome/13.0.782.20 Safari/535.1'),
(3, 'Sibyl Jansik', 'sjansik2', 'cDS8tAke', 'a86a743e-b329-4929-b35d-c5e44bbbd1d8', 'sjansik2@dedecms.com', '69326881', '35-6910073', 'dms', '+62 (203) 110-2483', '4525', '970451', 932970736000, 'Indonesia', 'Zooveo', '6 Farragut Parkway', '3684079', '115.243.208.173', '860679987', '324109181', 'Mozilla/5.0 (Macintosh; Intel Mac OS X 10_6_8) AppleWebKit/535.11 (KHTML, like Gecko) Chrome/17.0.963.66 Safari/535.11'),
(4, 'Analise Whetton', 'awhetton3', 'TKJnqj1PqT', '47aa7a0f-82b2-4f64-a50f-bde857ab04f6', 'awhetton3@msn.com', '19655901', '70-9071568', 'oms', '+51 (566) 226-0569', '4273', '568590', 500001774000, 'Peru', 'Eayo', '98454 Killdeer Plaza', '5787114', '209.238.27.240', '983977443', '285648819', 'Mozilla/5.0 (X11; FreeBSD amd64) AppleWebKit/536.5 (KHTML like Gecko) Chrome/19.0.1084.56 Safari/1EA69'),
(5, 'Ingra Temperley', 'itemperley4', 'gt0FCfi', '745600da-e4ce-4fd1-8ab2-3a7ec29ed142', 'itemperley4@goo.ne.jp', '79494920', '35-5302331', 'oms', '+46 (719) 769-5445', '8846', '364469', -484548317000, 'Sweden', 'Linkbuzz', '5 Tomscot Way', '2521538', '172.28.28.4', '802384978', '979020413', 'Mozilla/5.0 (Macintosh; Intel Mac OS X 10_10_1) AppleWebKit/537.36 (KHTML, like Gecko) Chrome/41.0.2227.1 Safari/537.36'),
(6, 'Sarine Lisle', 'slisle5', 'VBNKKHrdx', 'd172c2b1-4bfa-49ee-a3fa-285484d2ecc0', 'slisle5@mayoclinic.com', '18681906', '62-1607796', 'dms', '+256 (976) 102-2075', '8593', '425286', -439057365000, 'Uganda', 'Tambee', '521 John Wall Lane', '9854721', '122.171.248.168', '231744268', '358042203', 'Mozilla/5.0 (Windows NT 6.0; WOW64) AppleWebKit/535.11 (KHTML, like Gecko) Chrome/17.0.963.66 Safari/535.11'),
(7, 'Ignacius Petracek', 'ipetracek6', 'lsQzhOfw3', '1ab314b6-6258-4b5a-a810-3b8d8a47bcc3', 'ipetracek6@chronoengine.com', '4936948', '37-7764505', 'oms', '+998 (712) 864-4246', '7259', '742978', 332821578000, 'Uzbekistan', 'Voonix', '885 Bay Lane', '4806103', '237.114.245.254', '239778425', '737969814', 'Mozilla/5.0 (X11; CrOS i686 0.13.507) AppleWebKit/534.35 (KHTML, like Gecko) Chrome/13.0.763.0 Safari/534.35'),
(8, 'Talbert Bonnar', 'tbonnar7', 'UKkYVs', '4f2df9cb-cc6a-4d8e-98ef-c1a0dacf1046', 'tbonnar7@bizjournals.com', '25625555', '26-0908720', 'oms', '+86 (135) 626-5960', '2796', '776164', -709639771000, 'China', 'Trilia', '94 Monument Road', '4537666', '231.55.6.121', '677130910', '698937634', 'Mozilla/5.0 (Macintosh; Intel Mac OS X 10_7_3) AppleWebKit/535.20 (KHTML, like Gecko) Chrome/19.0.1036.7 Safari/535.20'),
(9, 'Alexi Caurah', 'acaurah8', 'z7c39bK', '276b90e2-c328-4f53-9e82-3a22eadf602a', 'acaurah8@dagondesign.com', '87971120', '11-4704505', 'oms', '+234 (400) 963-5392', '6221', '854506', 114674005000, 'Nigeria', 'Feednation', '725 Carey Center', '9162843', '121.251.237.147', '311785031', '368493303', 'Mozilla/5.0 (Macintosh; Intel Mac OS X 10_6_6) AppleWebKit/534.30 (KHTML, like Gecko) Chrome/12.0.742.112 Safari/534.30'),
(10, 'Roi Goodwins', 'rgoodwins9', 'LFDOoiJWa', 'c8ac4af9-73d3-4ca0-a73e-28c41c4efc71', 'rgoodwins9@zimbio.com', '23339661', '06-9710804', 'oms', '+52 (671) 148-2835', '2487', '888610', -554901575000, 'Mexico', 'Aimbo', '071 Center Circle', '6859878', '33.77.107.237', '862525773', '831334691', 'Mozilla/5.0 (Windows NT 6.1) AppleWebKit/535.11 (KHTML, like Gecko) Chrome/17.0.963.66 Safari/535.11'),
(11, 'Lanna Flannigan', 'lflannigana', 'WhmVUqH', '9594df8e-4cba-445d-aed5-edd2fd0d8c0e', 'lflannigana@hexun.com', '24833900', '97-7455910', 'dms', '+57 (611) 136-1977', '3596', '609928', 234070817000, 'Colombia', 'Kwilith', '18833 Grasskamp Center', '5198914', '34.255.227.131', '884961197', '510762295', 'Mozilla/5.0 (Windows NT 6.1; WOW64) AppleWebKit/535.1 (KHTML, like Gecko) Chrome/14.0.811.0 Safari/535.1'),
(12, 'Thorn Creddon', 'tcreddonb', '3H2lFqg1TD', 'e6166ccc-f12a-4ce1-84aa-a6fb81e20bfd', 'tcreddonb@yandex.ru', '27787565', '31-5842162', 'oms', '+7 (718) 627-3155', '8249', '496591', 56177475000, 'Russia', 'Fatz', '875 Fairfield Junction', '1650736', '195.178.251.146', '952720883', '271680057', 'Mozilla/5.0 (Windows NT 5.1) AppleWebKit/535.1 (KHTML, like Gecko) Chrome/14.0.815.0 Safari/535.1'),
(13, 'Tracy Hunnawill', 'thunnawillc', 'qvKPlGtAV', '76c752eb-7012-4f86-892e-b1eb7b2df864', 'thunnawillc@bloglovin.com', '92825057', '01-4879827', 'dms', '+385 (951) 836-4242', '6516', '163876', -141369728000, 'Croatia', 'Skippad', '414 Grasskamp Place', '7809473', '236.216.6.211', '902716024', '195414173', 'Mozilla/5.0 (Windows NT 5.1; rv:31.0) Gecko/20100101 Firefox/31.0'),
(14, 'Delora Wyvill', 'dwyvilld', '25OI9n', 'a8c4018a-3aec-4a65-bfa9-708546fe8bdb', 'dwyvilld@unc.edu', '95518385', '39-7088146', 'oms', '+46 (763) 475-5404', '8679', '752088', 848781038000, 'Sweden', 'Centizu', '24 Havey Park', '7171532', '152.109.145.131', '262196504', '160938280', 'Mozilla/5.0 (Macintosh; Intel Mac OS X 10_6_2) AppleWebKit/535.1 (KHTML, like Gecko) Chrome/13.0.782.41 Safari/535.1'),
(15, 'Maurizia Langmaid', 'mlangmaide', 'EEmv27XOZj', '2f5b288f-8909-4c38-8424-59ebadc7be4b', 'mlangmaide@dell.com', '13224135', '55-2588407', 'dms', '+1 (937) 663-7603', '1391', '594868', 530963605000, 'Cayman Islands', 'Trudeo', '3 Bunting Park', '8719609', '209.254.179.1', '773892184', '508142475', 'Mozilla/5.0 (Macintosh; U; Intel Mac OS X 10_5_8; it-it) AppleWebKit/533.16 (KHTML, like Gecko) Version/5.0 Safari/533.16'),
(16, 'Robinet Knevit', 'rknevitf', '3S58BZK', '3c1d3c33-f290-45ed-b30a-f00df1f21d3a', 'rknevitf@google.nl', '42319964', '27-7984812', 'dms', '+86 (350) 986-2053', '7776', '657760', -501567955000, 'China', 'Jabberstorm', '9 Cordelia Trail', '6242491', '194.14.18.208', '599809033', '480502618', 'Mozilla/5.0 (Macintosh; U; PPC Mac OS X 10_5_8; zh-cn) AppleWebKit/533.20.25 (KHTML, like Gecko) Version/5.0.4 Safari/533.20.27'),
(17, 'Bartie Doggrell', 'bdoggrellg', '37xHgTtj', 'ecf3224a-37af-406f-8013-db92f02c278d', 'bdoggrellg@tamu.edu', '84034240', '56-5658561', 'dms', '+967 (188) 725-7163', '7532', '346566', 795676521000, 'Yemen', 'Midel', '959 Norway Maple Lane', '4900896', '165.6.164.213', '609191676', '678516410', 'Mozilla/5.0 (Windows NT 5.1) AppleWebKit/535.1 (KHTML, like Gecko) Chrome/14.0.815.0 Safari/535.1'),
(18, 'Riannon Killelea', 'rkilleleah', 'xAW8IbAPIW2', '53e66552-d8b4-4fc5-988f-a1551493bc95', 'rkilleleah@mapy.cz', '3739634', '33-7197377', 'dms', '+54 (219) 747-7273', '3624', '715113', -62389965000, 'Argentina', 'Fatz', '7164 Bonner Hill', '5474913', '56.67.225.73', '997561369', '234558028', 'Mozilla/5.0 (Windows; U; Windows NT 6.1; cs-CZ) AppleWebKit/533.20.25 (KHTML, like Gecko) Version/5.0.4 Safari/533.20.27'),
(19, 'Calla Cousans', 'ccousansi', '6eC9EvQFmj', '4340614b-6496-4444-9061-3e9a6f3c6b8d', 'ccousansi@bloomberg.com', '28656684', '02-7913534', 'oms', '+48 (351) 986-6457', '1373', '925504', 383574226000, 'Poland', 'Rhybox', '74062 Starling Crossing', '5328301', '29.55.236.20', '917685805', '738548807', 'Mozilla/5.0 (Macintosh; U; Intel Mac OS X 10_6_6; en-US) AppleWebKit/534.18 (KHTML, like Gecko) Chrome/11.0.660.0 Safari/534.18'),
(20, 'Kile Tomczynski', 'ktomczynskij', 'HonmHdnheM', '8a249d5f-ece0-4015-be2c-f332db01c929', 'ktomczynskij@soup.io', '24387201', '04-6420687', 'oms', '+1 (904) 138-8404', '4799', '947139', 93301458000, 'United States', 'Kimia', '049 Utah Terrace', '2329942', '47.27.80.124', '363280929', '752891377', 'Mozilla/5.0 (Windows; U; Windows NT 6.1; WOW64; en-US; rv:2.0.4) Gecko/20120718 AskTbAVR-IDW/3.12.5.17700 Firefox/14.0.1'),
(21, 'Krisha Zanini', 'kzaninik', '3dcAaWW', '5377c254-27af-4c3c-ae44-e242c41cf5cf', 'kzaninik@technorati.com', '59927404', '91-2937961', 'oms', '+81 (966) 838-0087', '3375', '690124', -238968809000, 'Japan', 'Roomm', '2 5th Street', '2967964', '253.178.71.224', '226716241', '209279782', 'Mozilla/5.0 (Windows NT 5.1) AppleWebKit/535.6 (KHTML, like Gecko) Chrome/16.0.897.0 Safari/535.6'),
(22, 'Uriah Simmon', 'usimmonl', 'UjkOF8O0vIzH', '09654a62-6daf-408d-b426-498356967677', 'usimmonl@bigcartel.com', '47640557', '90-3432595', 'oms', '+64 (981) 676-9710', '5314', '327185', 118085235000, 'New Zealand', 'Centidel', '26 Sherman Terrace', '7005773', '31.31.22.52', '341404301', '880846425', 'Mozilla/5.0 (X11; Linux x86_64) AppleWebKit/535.1 (KHTML, like Gecko) Chrome/13.0.782.41 Safari/535.1'),
(23, 'Beatrix de Nore', 'bdem', 'ZLK4Ml9dx', '480efa4e-acdd-4848-993c-171f1a83ceab', 'bdem@usatoday.com', '19549641', '64-5792221', 'oms', '+63 (651) 453-8502', '6533', '907371', 585281190000, 'Philippines', 'Skinte', '724 Surrey Court', '6090277', '235.174.31.115', '330000297', '229937243', 'Mozilla/5.0 (X11; Linux x86_64) AppleWebKit/537.36 (KHTML, like Gecko) Chrome/34.0.1847.137 Safari/4E423F'),
(24, 'Ashlen Roisen', 'aroisenn', 'PuQOPvIs', 'e2f32493-ec16-4242-93cf-33828a3e5609', 'aroisenn@soundcloud.com', '53776020', '55-5452328', 'oms', '+62 (147) 995-0185', '2508', '511680', 753535680000, 'Indonesia', 'Tekfly', '0051 Jana Avenue', '7528948', '46.81.44.61', '799658692', '820447949', 'Mozilla/5.0 (Macintosh; U; Intel Mac OS X 10_6_3; ca-es) AppleWebKit/533.16 (KHTML, like Gecko) Version/5.0 Safari/533.16'),
(25, 'Barrie Vickars', 'bvickarso', 'cYItfKaBM', '35988241-0e71-4fde-a86f-1bceaf7319b0', 'bvickarso@ovh.net', '60986023', '65-2372611', 'dms', '+234 (581) 864-3115', '1894', '133841', -532733067000, 'Nigeria', 'Livetube', '412 Straubel Point', '9844017', '155.36.81.203', '678183334', '165920743', 'Mozilla/5.0 (Windows; U; Windows NT 6.1; en-US) AppleWebKit/533.19.4 (KHTML, like Gecko) Version/5.0.2 Safari/533.18.5'),
(26, 'Jeana Tomenson', 'jtomensonp', 'NOvu280w', '01feefb6-d457-46d8-84e8-b06d8c9e4d65', 'jtomensonp@weebly.com', '45029088', '36-8561903', 'dms', '+1 (882) 852-2116', '7534', '498715', -493455342000, 'Dominican Republic', 'Yata', '98 Derek Drive', '7940453', '170.163.4.137', '540559833', '955425008', 'Mozilla/5.0 (Windows; U; Windows NT 6.0; tr-TR) AppleWebKit/533.18.1 (KHTML, like Gecko) Version/5.0.2 Safari/533.18.5'),
(27, 'Bryant Vagges', 'bvaggesq', 'EIkCQ8VSZxJ', 'd504d50d-e487-48aa-8801-eaa71b13cddb', 'bvaggesq@timesonline.co.uk', '56486666', '15-6784117', 'dms', '+46 (152) 363-7662', '1499', '520731', 826742575000, 'Sweden', 'Blognation', '4807 Carberry Road', '6239240', '26.52.51.127', '220356617', '314240470', 'Mozilla/5.0 (Windows; U; Windows NT 6.0; en-US) AppleWebKit/534.20 (KHTML, like Gecko) Chrome/11.0.672.2 Safari/534.20'),
(28, 'Millicent Merfin', 'mmerfinr', 'WtZiNKL', '17f8f695-fe22-4f98-a18f-4cfc465aa9ac', 'mmerfinr@geocities.jp', '85437979', '33-6888909', 'dms', '+380 (388) 597-8191', '5205', '787286', 90901974000, 'Ukraine', 'Trudoo', '4 Judy Park', '6282945', '131.133.92.168', '602663678', '981608205', 'Mozilla/5.0 (X11; Linux i686) AppleWebKit/535.11 (KHTML, like Gecko) Chrome/17.0.963.65 Safari/535.11'),
(29, 'Ansley Gasperi', 'agasperis', 'Es09jZVsy3', '0006b725-89a2-4231-8edd-84edd21ecd71', 'agasperis@shutterfly.com', '39643612', '55-0940946', 'dms', '+598 (314) 252-9972', '6609', '600884', -171831838000, 'Uruguay', 'Yacero', '53 Heath Way', '7974506', '164.248.159.39', '379525509', '866524887', 'Mozilla/5.0 (Windows NT 6.0) AppleWebKit/535.2 (KHTML, like Gecko) Chrome/15.0.874.120 Safari/535.2'),
(30, 'Ware Beagley', 'wbeagleyt', 'TR7y2yL', '261743dc-b956-41a8-ac32-2deba27b9ada', 'wbeagleyt@mapquest.com', '40752106', '34-7231315', 'dms', '+46 (952) 609-7212', '7836', '876820', 496557722000, 'Sweden', 'Linkbridge', '49 Reindahl Crossing', '5242224', '80.89.45.144', '176064099', '256334298', 'Mozilla/5.0 (Macintosh; U; Intel Mac OS X 10_6_3; ko-kr) AppleWebKit/533.16 (KHTML, like Gecko) Version/5.0 Safari/533.16'),
(31, 'Libbie Bowick', 'lbowicku', 'hPaxEmmHbYc', 'f5b4f315-d205-49fb-ac43-8d4f628c37e2', 'lbowicku@miitbeian.gov.cn', '2639157', '80-0935361', 'dms', '+62 (661) 711-0097', '5685', '974611', -668586707000, 'Indonesia', 'Skipfire', '33 Jenifer Junction', '1854038', '192.33.200.252', '447786171', '869722186', 'Mozilla/5.0 (X11; Linux i686) AppleWebKit/534.33 (KHTML, like Gecko) Ubuntu/9.10 Chromium/13.0.752.0 Chrome/13.0.752.0 Safari/534.33'),
(32, 'Karna Martinyuk', 'kmartinyukv', 'MaqmdUASWLP', 'e8aa6068-237a-4427-823b-0ae0a1c65bb9', 'kmartinyukv@mapquest.com', '70865838', '40-1476480', 'oms', '+351 (485) 365-8667', '8744', '188888', -478686017000, 'Portugal', 'Zoovu', '3 Anderson Avenue', '4447389', '19.244.57.39', '727559929', '662479612', 'Mozilla/5.0 (Macintosh; U; Intel Mac OS X 10_6_4; th-th) AppleWebKit/533.17.8 (KHTML, like Gecko) Version/5.0.1 Safari/533.17.8'),
(33, 'Eustacia Oake', 'eoakew', 'r34g7z66E', '119a106e-69c8-4c0b-99ed-5b786955c3fc', 'eoakew@ovh.net', '78983671', '31-3036689', 'dms', '+82 (158) 625-0471', '1967', '598744', 332009029000, 'South Korea', 'Jayo', '06206 Arkansas Circle', '3934411', '159.1.212.69', '812910640', '916889640', 'Mozilla/5.0 (X11; CrOS i686 0.13.587) AppleWebKit/535.1 (KHTML, like Gecko) Chrome/13.0.782.14 Safari/535.1'),
(34, 'Tine Dormer', 'tdormerx', 'nIudnTR1m', '4b84430a-c093-413d-b94f-5fc8e0f317a6', 'tdormerx@github.io', '5936279', '46-3008627', 'dms', '+351 (721) 153-2975', '9110', '655477', 155854506000, 'Portugal', 'Innojam', '8 Nelson Avenue', '9035432', '91.76.156.32', '257384280', '857501042', 'Mozilla/5.0 (Windows; U; Windows NT 5.1; ru-RU) AppleWebKit/533.19.4 (KHTML, like Gecko) Version/5.0.3 Safari/533.19.4'),
(35, 'Penn Gibbieson', 'pgibbiesony', 'a8E18cPG3vl', '8e97363b-80ae-4942-98e9-1e81bec667cc', 'pgibbiesony@answers.com', '60932115', '34-4660733', 'oms', '+237 (426) 918-5086', '4197', '852650', 278464401000, 'Cameroon', 'Jayo', '6957 Algoma Park', '9081736', '18.126.150.201', '758011005', '782474762', 'Mozilla/5.0 (Macintosh; Intel Mac OS X 10_10; rv:33.0) Gecko/20100101 Firefox/33.0'),
(36, 'Albertina Domerque', 'adomerquez', 'gDrleWE', 'dc06c5e4-e909-4d70-babf-8e5b2a294533', 'adomerquez@trellian.com', '91837261', '48-2586744', 'dms', '+55 (192) 160-8137', '3749', '772323', -447654099000, 'Brazil', 'Devcast', '25434 Caliangt Park', '9889076', '169.133.20.130', '476975520', '992708205', 'Mozilla/5.0 (Windows NT 6.3; Win64; x64) AppleWebKit/537.36 (KHTML, like Gecko) Chrome/37.0.2049.0 Safari/537.36'),
(37, 'Brunhilde Vasyushkhin', 'bvasyushkhin10', 'TJxTVa', '3550a9d5-a01a-4427-b52f-8888bf02ba28', 'bvasyushkhin10@last.fm', '4512739', '74-2307506', 'dms', '+7 (944) 434-8715', '1629', '790362', 429750366000, 'Russia', 'Aimbu', '2056 Glacier Hill Crossing', '6531552', '123.192.167.217', '783884931', '798349005', 'Mozilla/5.0 (Macintosh; Intel Mac OS X 10_6_7) AppleWebKit/535.1 (KHTML, like Gecko) Chrome/14.0.813.0 Safari/535.1'),
(38, 'Dennie Tomaino', 'dtomaino11', 'ryRIZSPKzVWU', '172ed763-8117-4ba7-b6c1-e30aa105f8a3', 'dtomaino11@bloomberg.com', '24926681', '16-2014379', 'oms', '+420 (393) 435-1589', '3089', '733179', 437952316000, 'Czech Republic', 'Mita', '150 Grayhawk Lane', '9543478', '240.245.50.245', '845546101', '951749448', 'Mozilla/5.0 (iPod; U; CPU iPhone OS 4_3_1 like Mac OS X; zh-cn) AppleWebKit/533.17.9 (KHTML, like Gecko) Version/5.0.2 Mobile/8G4 Safari/6533.18.5'),
(39, 'Gypsy Symones', 'gsymones12', 'LFPUPIiHjTQC', 'bbb302a1-d8ab-47a4-b03e-1cb3c8f1118e', 'gsymones12@ucsd.edu', '80966857', '65-8198597', 'oms', '+86 (499) 550-5586', '2354', '243895', 174688489000, 'China', 'Skinte', '443 Hintze Parkway', '1556920', '240.217.50.120', '390997069', '945924920', 'Mozilla/5.0 (iPhone; U; CPU iPhone OS 4_3_1 like Mac OS X; zh-tw) AppleWebKit/533.17.9 (KHTML, like Gecko) Version/5.0.2 Mobile/8G4 Safari/6533.18.5'),
(40, 'Jeannette Bedell', 'jbedell13', 'AXdqQT73May', '23d44897-9f7b-41bc-898f-8e0674ae250b', 'jbedell13@usnews.com', '9055797', '26-7793473', 'oms', '+62 (177) 276-4227', '4205', '417491', -127650568000, 'Indonesia', 'Mymm', '75 Fairview Plaza', '7293300', '218.112.253.240', '753446284', '182131305', 'Mozilla/5.0 (Macintosh; U; Intel Mac OS X 10_6_6; en-gb) AppleWebKit/533.20.25 (KHTML, like Gecko) Version/5.0.4 Safari/533.20.27'),
(41, 'Concordia Haselwood', 'chaselwood14', 'aa3Z1wn', '22f5b396-3172-4371-9f08-438cbd00b24c', 'chaselwood14@theguardian.com', '56042094', '93-0622974', 'dms', '+81 (495) 764-5746', '7914', '694871', 700610222000, 'Japan', 'Skaboo', '7 Cottonwood Center', '8100703', '104.116.26.226', '874812240', '336655126', 'Mozilla/5.0 (X11; Ubuntu; Linux i686; rv:15.0) Gecko/20100101 Firefox/15.0.1'),
(42, 'Jesse Wylam', 'jwylam15', 'LUoKQAnhd0', 'd6b1eeda-1684-4059-a25d-3249cf33d0df', 'jwylam15@printfriendly.com', '80753653', '71-6915527', 'oms', '+850 (465) 588-0148', '3708', '869559', -188733629000, 'North Korea', 'Wikido', '82489 Dahle Road', '9375023', '29.244.235.148', '471963552', '957053473', 'Mozilla/5.0 (Windows; U; Windows NT 5.1; en-US) AppleWebKit/534.21 (KHTML, like Gecko) Chrome/11.0.678.0 Safari/534.21'),
(43, 'Owen Vayro', 'ovayro16', 'AInD47HhaJp', '4805cf03-18c7-4f9b-8d6c-06387fe68f19', 'ovayro16@163.com', '9235195', '23-7563828', 'dms', '+46 (573) 143-7339', '4330', '452366', 64061036000, 'Sweden', 'Meezzy', '5899 Vermont Circle', '6131255', '94.34.76.55', '807679319', '855674352', 'Mozilla/5.0 (Windows; U; Windows NT 6.1; WOW64; en-US; rv:2.0.4) Gecko/20120718 AskTbAVR-IDW/3.12.5.17700 Firefox/14.0.1'),
(44, 'Kennan Boyes', 'kboyes17', 'uArXm6mZEOnQ', '3c640c52-8fb6-4518-9822-da33572ade7f', 'kboyes17@ovh.net', '85846105', '45-3826442', 'oms', '+86 (730) 423-3126', '2124', '630833', -292246268000, 'China', 'Babbleblab', '8752 John Wall Circle', '4174124', '6.175.50.170', '431247722', '196797847', 'Mozilla/5.0 (Windows NT 6.1; WOW64) AppleWebKit/535.1 (KHTML, like Gecko) Chrome/14.0.810.0 Safari/535.1'),
(45, 'Linoel Barnwall', 'lbarnwall18', 'JcPjBCH', '2e735fee-8794-4dda-b70d-7cea4619ca85', 'lbarnwall18@blogtalkradio.com', '86829282', '92-6104095', 'dms', '+504 (530) 659-0051', '3316', '262689', 545825889000, 'Honduras', 'Oyoyo', '43494 Glendale Point', '4814139', '82.211.113.157', '299181802', '834802793', 'Mozilla/5.0 (X11; Linux i686) AppleWebKit/534.30 (KHTML, like Gecko) Chrome/12.0.742.100 Safari/534.30'),
(46, 'Marcus Buckles', 'mbuckles19', '0aRzEt41OAG', '6d7e9f43-1f70-4453-9ee4-38cdba9e2c75', 'mbuckles19@opera.com', '54606133', '81-9654330', 'oms', '+86 (202) 813-2101', '4917', '874111', 60130042000, 'China', 'Feedspan', '3 Utah Hill', '7477986', '171.235.226.38', '939963632', '296132753', 'Mozilla/5.0 (Windows; U; Windows NT 6.0; en-US) AppleWebKit/535.1 (KHTML, like Gecko) Chrome/13.0.782.107 Safari/535.1'),
(47, 'Dilan Scouse', 'dscouse1a', 'biYebaGH', '58598c47-c543-4bfb-8d57-1d99923e3b07', 'dscouse1a@umn.edu', '29605649', '91-3083857', 'oms', '+30 (231) 716-5952', '1500', '501245', -680551375000, 'Greece', 'Aimbo', '245 Arrowood Pass', '6585314', '130.136.75.158', '957963712', '461728325', 'Mozilla/5.0 (Windows NT 5.1) AppleWebKit/536.3 (KHTML, like Gecko) Chrome/19.0.1063.0 Safari/536.3'),
(48, 'Pansie Beddard', 'pbeddard1b', 'XTYUf4jXlwI', '5984b1ba-899d-4939-bece-dee1a1dca2fb', 'pbeddard1b@mlb.com', '30446362', '03-2331076', 'dms', '+33 (486) 738-0324', '6302', '728619', -462937773000, 'France', 'Topiczoom', '05201 Hauk Plaza', '9307092', '84.10.82.143', '466831091', '818635159', 'Mozilla/5.0 (Windows NT 5.1) AppleWebKit/534.25 (KHTML, like Gecko) Chrome/12.0.704.0 Safari/534.25'),
(49, 'Tanya MacKeig', 'tmackeig1c', '3RzzkcX5oMfi', 'bde96f03-0e60-41db-afd5-b289fc34830d', 'tmackeig1c@europa.eu', '9065174', '59-1565515', 'oms', '+389 (573) 311-8024', '9037', '426466', 540141586000, 'Macedonia', 'Wordpedia', '34 Ilene Court', '6067662', '223.171.231.176', '117750747', '542852141', 'Mozilla/5.0 (Windows NT 6.2; WOW64) AppleWebKit/537.36 (KHTML, like Gecko) Chrome/27.0.1500.55 Safari/537.36'),
(50, 'Archie Polden', 'apolden1d', 'jo9GbN2s', '49304e2e-3a3b-45a7-aaac-8282bb366dfb', 'apolden1d@liveinternet.ru', '72001373', '99-4656497', 'oms', '+86 (612) 711-4304', '1115', '450558', 462197361000, 'China', 'Youspan', '33584 Ludington Circle', '3403539', '30.206.172.250', '437024187', '926585230', 'Mozilla/5.0 (Macintosh; Intel Mac OS X 10_6_8) AppleWebKit/534.30 (KHTML, like Gecko) Chrome/12.0.742.68 Safari/534.30'),
(51, 'Simone Tease', 'stease1e', '07sH7RvFM', '554568f3-25c5-4510-b729-2ca93e25b04e', 'stease1e@narod.ru', '20109096', '21-5231273', 'dms', '+86 (872) 173-9604', '7570', '952946', -213394712000, 'China', 'Linklinks', '9 Sullivan Way', '5909949', '172.88.213.119', '407733514', '602621360', 'Mozilla/5.0 (X11; Linux i686) AppleWebKit/534.30 (KHTML, like Gecko) Chrome/12.0.742.100 Safari/534.30'),
(52, 'Bax Glayzer', 'bglayzer1f', 'XXMtznf1Y5B9', '144a87cb-e417-4b7f-bd0e-fa44e4048ae1', 'bglayzer1f@csmonitor.com', '43888917', '94-7424278', 'oms', '+62 (253) 503-0523', '2297', '659967', -256627052000, 'Indonesia', 'Photospace', '5316 Center Pass', '7392694', '149.67.174.120', '144834326', '718836030', 'Mozilla/5.0 (X11; Ubuntu; Linux x86_64; rv:24.0) Gecko/20100101 Firefox/24.0'),
(53, 'Heath Ruf', 'hruf1g', 'iiu0Ks', 'cafbf6a3-08db-489e-8900-6ec687252f57', 'hruf1g@bravesites.com', '23719906', '38-7869008', 'oms', '+86 (315) 267-1191', '3108', '399797', -712412703000, 'China', 'Tagpad', '873 Green Road', '5637806', '12.33.32.250', '583539366', '905323773', 'Mozilla/5.0 (Windows NT 6.1; WOW64; rv:21.0) Gecko/20100101 Firefox/21.0'),
(54, 'Maryjane Emney', 'memney1h', 'iMFpWlHolY', '575be9ab-56cb-4f08-b528-e22c21a879a7', 'memney1h@sbwire.com', '56071469', '51-0842714', 'dms', '+967 (614) 232-5434', '4343', '471786', -781110022000, 'Yemen', 'Dynabox', '93842 Arkansas Center', '1748685', '42.177.172.46', '782834141', '793081105', 'Mozilla/5.0 (X11; Linux i686) AppleWebKit/535.2 (KHTML, like Gecko) Ubuntu/11.10 Chromium/15.0.874.120 Chrome/15.0.874.120 Safari/535.2'),
(55, 'Gino Koene', 'gkoene1i', 'yEZr1vBtjMjD', '6ef869e6-a2ad-4691-bb95-86610043fadd', 'gkoene1i@zimbio.com', '20617146', '22-8198334', 'dms', '+420 (793) 452-3003', '6692', '191297', -220587280000, 'Czech Republic', 'Jaxworks', '009 Lukken Alley', '7566506', '145.222.22.33', '573504447', '751774728', 'Mozilla/5.0 (Macintosh; Intel Mac OS X 10_6_4) AppleWebKit/534.30 (KHTML, like Gecko) Chrome/12.0.742.100 Safari/534.30'),
(56, 'Karalee Sabey', 'ksabey1j', 'Ae5b7W', '614eaa56-1204-47bd-9022-233874f4f152', 'ksabey1j@google.com.au', '36047772', '19-7027097', 'oms', '+420 (345) 667-6505', '3111', '690511', 508776871000, 'Czech Republic', 'Izio', '4 Service Alley', '1721609', '230.230.110.116', '700280172', '942430823', 'Mozilla/5.0 (X11; CrOS i686 2268.111.0) AppleWebKit/536.11 (KHTML, like Gecko) Chrome/20.0.1132.57 Safari/536.11'),
(57, 'Nicolle Sammut', 'nsammut1k', 'yF7PwpY1qEP', 'f467ef65-e4df-4927-b886-c40fc1bb274c', 'nsammut1k@prweb.com', '11518519', '57-8962148', 'oms', '+86 (360) 241-9372', '4850', '239735', 732599209000, 'China', 'Babbleset', '4 Monument Terrace', '9112666', '90.139.43.134', '600491815', '322942624', 'Mozilla/5.0 (Macintosh; Intel Mac OS X 10_7_2) AppleWebKit/535.1 (KHTML, like Gecko) Chrome/13.0.782.215 Safari/535.1'),
(58, 'Stafford Skepper', 'sskepper1l', 'CO8icJv7kxml', 'e78f763b-f4d1-44c0-997b-410b06a5144f', 'sskepper1l@phoca.cz', '56742577', '09-8979583', 'oms', '+62 (868) 739-2841', '7334', '991764', 66395079000, 'Indonesia', 'Eayo', '21220 Calypso Point', '7923930', '170.196.194.76', '815556002', '859880362', 'Mozilla/5.0 (Macintosh; I; Intel Mac OS X 11_7_9; de-LI; rv:1.9b4) Gecko/2012010317 Firefox/10.0a4'),
(59, 'Arty Hulatt', 'ahulatt1m', 'YTGcPiKAb', '93acaa4b-3e96-4214-b9bf-a30d62f6b5ad', 'ahulatt1m@fc2.com', '17195528', '30-8524258', 'oms', '+420 (472) 600-5696', '1456', '802287', -41421968000, 'Czech Republic', 'Bluejam', '20359 Corscot Court', '7271253', '15.223.76.160', '848275402', '742717235', 'Mozilla/5.0 (X11; Linux i686) AppleWebKit/534.24 (KHTML, like Gecko) Ubuntu/10.10 Chromium/12.0.702.0 Chrome/12.0.702.0 Safari/534.24'),
(60, 'Wendall Salzberg', 'wsalzberg1n', 'RwPH2laRMo2E', '1a020fe2-b27b-4f96-bdf1-75beb858d00c', 'wsalzberg1n@alexa.com', '94107683', '86-1685424', 'oms', '+86 (281) 148-2775', '8664', '662765', -168693274000, 'China', 'Rhycero', '48245 Kipling Junction', '1765815', '77.255.40.128', '130822226', '598800028', 'Mozilla/5.0 (Windows NT 6.1) AppleWebKit/535.1 (KHTML, like Gecko) Chrome/13.0.782.215 Safari/535.1'),
(61, 'Antonia Dunbleton', 'adunbleton1o', 'J5jvL5ZtG', 'e41a878f-0b01-4d6a-98d5-fde064dbe3fa', 'adunbleton1o@walmart.com', '71406227', '87-7357857', 'dms', '+63 (413) 452-0285', '8919', '333245', -501019354000, 'Philippines', 'Topicware', '34098 Northland Road', '1287536', '106.52.146.126', '773717391', '529066093', 'Mozilla/5.0 (Macintosh; U; PPC Mac OS X 10_5_8; ja-jp) AppleWebKit/533.16 (KHTML, like Gecko) Version/5.0 Safari/533.16'),
(62, 'Margit Seman', 'mseman1p', 'yG5ab4RHTS', '3d5eb3ce-57a5-4850-881b-864d10252b47', 'mseman1p@soup.io', '14371312', '94-3789029', 'oms', '+351 (157) 271-8331', '1500', '540587', -536540157000, 'Portugal', 'Youfeed', '468 Anzinger Parkway', '7150842', '16.151.26.137', '357304607', '736306682', 'Mozilla/5.0 (Macintosh; Intel Mac OS X 10_7_0) AppleWebKit/535.1 (KHTML, like Gecko) Chrome/14.0.794.0 Safari/535.1'),
(63, 'Zachery Harce', 'zharce1q', 'a8UfhyE', '8efd05d6-ebba-443d-8537-4050fa65159f', 'zharce1q@dailymail.co.uk', '4015612', '09-2783814', 'oms', '+351 (366) 474-3600', '9371', '311744', 615192885000, 'Portugal', 'Zoonder', '39 Village Crossing', '1342024', '219.131.85.181', '477159791', '948520846', 'Mozilla/5.0 (Windows NT 5.1) AppleWebKit/537.36 (KHTML, like Gecko) Chrome/41.0.2224.3 Safari/537.36'),
(64, 'Forest Ygou', 'fygou1r', 'TTDlLt2Uk0C', 'f420149b-1a33-46e0-ad3b-d533cd97c0a2', 'fygou1r@joomla.org', '56989255', '08-0149416', 'oms', '+86 (580) 451-6001', '9762', '880018', 474478284000, 'China', 'Ntags', '67 Spohn Junction', '1174927', '11.97.229.226', '695445658', '741760722', 'Mozilla/5.0 (Macintosh; Intel Mac OS X 10_5_8) AppleWebKit/535.1 (KHTML, like Gecko) Chrome/14.0.803.0 Safari/535.1'),
(65, 'Patient1', 'patient', 'patient', NULL, NULL, NULL, NULL, NULL, NULL, NULL, NULL, NULL, NULL, NULL, NULL, NULL, NULL, NULL, NULL, NULL);

-- --------------------------------------------------------

--
-- Структура таблицы `service`
--

CREATE TABLE `service` (
  `id` int NOT NULL,
  `name` varchar(100) NOT NULL,
  `price` decimal(8,2) NOT NULL,
  `srok` int NOT NULL COMMENT 'количество времени в минутах',
  `otklon` decimal(2,2) NOT NULL COMMENT 'среднее отклонение'
) ENGINE=InnoDB DEFAULT CHARSET=utf8mb4 COLLATE=utf8mb4_0900_ai_ci;

--
-- Дамп данных таблицы `service`
--

INSERT INTO `service` (`id`, `name`, `price`, `srok`, `otklon`) VALUES
(176, 'Билирубин общий', '102.85', 45, '0.01'),
(229, 'СПИД', '341.78', 300, '0.34'),
(258, 'Креатинин', '143.22', 45, '0.06'),
(287, 'Волчаночный антикоагулянт', '290.11', 45, '0.12'),
(311, 'Амилаза', '361.88', 45, '0.01'),
(323, 'Глюкоза', '447.65', 45, '0.23'),
(346, 'Общий белок', '396.03', 45, '0.01'),
(415, 'Кальций общий', '419.90', 45, '0.04'),
(501, 'Гепатит В', '176.83', 45, '0.01'),
(543, 'Гепатит С', '289.99', 45, '0.03'),
(548, 'Альбумин', '234.09', 45, '0.50'),
(557, 'ВИЧ', '490.77', 445, '0.01'),
(619, 'TSH', '262.71', 45, '0.01'),
(659, 'Сифилис RPR', '443.66', 230, '0.05'),
(797, 'АТ и АГ к ВИЧ 1/2', '370.62', 45, '0.01'),
(836, 'Железо', '105.32', 45, '0.03'),
(855, 'Ковид IgM', '209.78', 145, '0.01');

-- --------------------------------------------------------

--
-- Структура таблицы `status`
--

CREATE TABLE `status` (
  `id` int NOT NULL,
  `name` varchar(100) NOT NULL
) ENGINE=InnoDB DEFAULT CHARSET=utf8mb4 COLLATE=utf8mb4_0900_ai_ci;

--
-- Дамп данных таблицы `status`
--

INSERT INTO `status` (`id`, `name`) VALUES
(1, 'Finished'),
(2, 'Rejected');

-- --------------------------------------------------------

--
-- Структура таблицы `type`
--

CREATE TABLE `type` (
  `id` int NOT NULL,
  `name` varchar(100) NOT NULL
) ENGINE=InnoDB DEFAULT CHARSET=utf8mb4 COLLATE=utf8mb4_0900_ai_ci;

--
-- Дамп данных таблицы `type`
--

INSERT INTO `type` (`id`, `name`) VALUES
(1, 'лаборант-администратор'),
(2, 'лаборант'),
(3, 'бухгалтер');

-- --------------------------------------------------------

--
-- Структура таблицы `users`
--

CREATE TABLE `users` (
  `id` int NOT NULL,
  `name` varchar(100) NOT NULL,
  `firstname` varchar(100) NOT NULL,
  `login` varchar(100) NOT NULL,
  `password` varchar(100) NOT NULL,
  `ip` varchar(100) NOT NULL,
  `lastenter` varchar(100) NOT NULL,
  `services` varchar(100) CHARACTER SET utf8mb4 COLLATE utf8mb4_0900_ai_ci DEFAULT NULL,
  `type` int NOT NULL
) ENGINE=InnoDB DEFAULT CHARSET=utf8mb4 COLLATE=utf8mb4_0900_ai_ci;

--
-- Дамп данных таблицы `users`
--

INSERT INTO `users` (`id`, `name`, `firstname`, `login`, `password`, `ip`, `lastenter`, `services`, `type`) VALUES
(1, 'Clareta', 'Hacking', 'chacking0', '4tzqHdkqzo4', '147.231.50.234', '02.10.2020', '\"[{\"\"code\"\":557},{\"\"code\"\":836},{\"\"code\"\":287}]\"', 1),
(2, 'Northrop', 'Mably', 'nmably1', 'ukM0e6', '22.32.15.211', '6/20/2020', '\"[{\"\"code\"\":855},{\"\"code\"\":619},{\"\"code\"\":557},{\"\"code\"\":836},{\"\"code\"\":548}]\"', 2),
(3, 'Fabian', 'Rolf', 'frolf2', '7QpCwac0yi', '113.92.142.29', '5/19/2020', '\"[{\"\"code\"\":543},{\"\"code\"\":836}]\"', 1),
(4, 'Lauree', 'Raden', 'lraden3', '5Ydp2mz', '39.24.146.52', '6/22/2020', '\"[{\"\"code\"\":855},{\"\"code\"\":258}]\"', 1),
(5, 'Barby', 'Follos', 'bfollos4', 'ckmAJPQV', '87.232.97.3', '3/18/2020', '\"[{\"\"code\"\":543},{\"\"code\"\":415},{\"\"code\"\":619},{\"\"code\"\":557}]\"', 1),
(6, 'Mile', 'Enterle', 'menterle5', '0PRom6i', '85.121.209.6', '07.04.2020', '\"[{\"\"code\"\":557},{\"\"code\"\":836},{\"\"code\"\":229}]\"', 2),
(7, 'Midge', 'Peaker', 'mpeaker6', '0Tc5oRc', '196.39.132.128', '09.03.2020', '\"[{\"\"code\"\":287},{\"\"code\"\":619},{\"\"code\"\":548},{\"\"code\"\":346}]\"', 2),
(8, 'Manon', 'Robichon', 'mrobichon7', 'LEwEjMlmE5X', '143.159.207.105', '8/31/2020', '\"[{\"\"code\"\":415},{\"\"code\"\":311},{\"\"code\"\":176},{\"\"code\"\":855}]\"', 2),
(9, 'Stavro', 'Robken', 'srobken8', 'Cbmj3Yi', '12.154.73.196', '5/22/2020', '\"[{\"\"code\"\":323},{\"\"code\"\":548},{\"\"code\"\":346}]\"', 3),
(10, 'Bryan', 'Tidmas', 'btidmas9', 'dYDHbBQfK', '24.42.134.21', '06.06.2020', '\"[{\"\"code\"\":229},{\"\"code\"\":346},{\"\"code\"\":501},{\"\"code\"\":548}]\"', 3),
(11, 'Jeannette', 'Fussie', 'jfussiea', 'EGxXuLQ9', '98.194.112.137', '8/21/2020', '\"[{\"\"code\"\":287}]\"', 2),
(12, 'Stephen', 'Antonacci', 'santonaccib', 'YcXAhY3Pja', '198.146.255.15', '10.03.2019', '\"[{\"\"code\"\":619},{\"\"code\"\":258},{\"\"code\"\":229},{\"\"code\"\":557},{\"\"code\"\":797}]\"', 2),
(13, 'Niccolo', 'Bountiff', 'nbountiffc', '5xfyjS9ZULGA', '231.78.246.229', '1/22/2020', '\"[{\"\"code\"\":323},{\"\"code\"\":311},{\"\"code\"\":557}]\"', 1),
(14, 'Clemente', 'Benjefield', 'cbenjefieldd', 'tQOsP0ei9TuD', '88.126.93.246', '07.09.2020', '\"[{\"\"code\"\":855},{\"\"code\"\":176},{\"\"code\"\":176},{\"\"code\"\":855}]\"', 3),
(15, 'Orlan', 'Corbyn', 'ocorbyne', 'bG1ZIzwIoU', '232.175.48.179', '4/24/2020', '\"[{\"\"code\"\":229},{\"\"code\"\":836},{\"\"code\"\":287},{\"\"code\"\":619}]\"', 3),
(16, 'Coreen', 'Stickins', 'cstickinsf', 'QRYADbgNj', '64.30.175.158', '4/20/2020', '\"[{\"\"code\"\":557}]\"', 1),
(17, 'Daveta', 'Clarage', 'dclarageg', 'Yp59ZIDnWe', '139.88.229.111', '06.09.2020', '\"[{\"\"code\"\":346},{\"\"code\"\":836},{\"\"code\"\":346}]\"', 3),
(18, 'Javier', 'McCawley', 'jmccawleyh', 'g58zLcmCYON', '14.199.67.32', '4/20/2020', '\"[{\"\"code\"\":619},{\"\"code\"\":258}]\"', 3),
(19, 'Daile', 'Band', 'dbandi', 'yFAaYuVW', '206.105.148.56', '12.02.2019', '\"[{\"\"code\"\":176},{\"\"code\"\":543},{\"\"code\"\":855},{\"\"code\"\":258}]\"', 3),
(20, 'Angil', 'Buttery', 'abutteryj', 'ttOFbWWGtD', '192.158.7.138', '6/21/2020', '\"[{\"\"code\"\":323},{\"\"code\"\":855},{\"\"code\"\":659},{\"\"code\"\":287}]\"', 2),
(21, 'Kyla', 'Kinman', 'kkinmank', 'qUr6fdWP6L5G', '134.99.243.113', '11.08.2019', '\"[{\"\"code\"\":346},{\"\"code\"\":855},{\"\"code\"\":323},{\"\"code\"\":557},{\"\"code\"\":501}]\"', 1),
(22, 'Selena', 'Skepper', 'sskepperl', 'jHYN0v3', '52.90.89.126', '4/28/2020', '\"[{\"\"code\"\":855},{\"\"code\"\":287}]\"', 3),
(23, 'Alyson', 'Yeoland', 'ayeolandm', 'QQezRBV9', '239.7.55.187', '5/31/2020', '\"[{\"\"code\"\":836},{\"\"code\"\":836},{\"\"code\"\":229},{\"\"code\"\":258},{\"\"code\"\":836}]\"', 3),
(24, 'Claudie', 'Speeding', 'cspeedingn', 'UCLYITfw2Vo', '127.37.194.127', '11/15/2019', '\"[{\"\"code\"\":548},{\"\"code\"\":557},{\"\"code\"\":176}]\"', 2),
(25, 'Alaric', 'Scarisbrick', 'ascarisbricko', 'fzBcv6GbyCp', '97.227.15.172', '2/19/2020', '\"[{\"\"code\"\":543},{\"\"code\"\":836}]\"', 3),
(26, 'Marie', 'Thurby', 'mthurbyp', 'wg0uIskqei', '94.70.148.135', '9/18/2019', '\"[{\"\"code\"\":548},{\"\"code\"\":855}]\"', 1),
(27, 'Cloe', 'Roxbrough', 'croxbroughq', '67CVVym', '185.110.201.36', '01.11.2020', '\"[{\"\"code\"\":501},{\"\"code\"\":797},{\"\"code\"\":797}]\"', 2),
(28, 'Pegeen', 'McCotter', 'pmccotterr', 'QG5tdzRpGZJ2', '22.179.187.229', '3/22/2020', '\"[{\"\"code\"\":176},{\"\"code\"\":855}]\"', 3),
(29, 'Iggie', 'Calleja', 'icallejas', 'aeDvZk8o9', '67.237.123.227', '7/19/2020', '\"[{\"\"code\"\":836},{\"\"code\"\":176},{\"\"code\"\":619},{\"\"code\"\":258}]\"', 2),
(30, 'Nelle', 'Brosch', 'nbroscht', 'DmPJt2', '251.1.59.65', '12/17/2019', '\"[{\"\"code\"\":346}]\"', 3),
(31, 'Shae', 'Allsepp', 'sallseppu', 't0ko0854Cpvv', '88.20.74.85', '08.09.2020', '\"[{\"\"code\"\":548},{\"\"code\"\":229},{\"\"code\"\":258},{\"\"code\"\":619}]\"', 2),
(32, 'Eldridge', 'Abbatucci', 'eabbatucciv', 'gUtNdsDu', '52.44.134.126', '3/29/2020', '\"[{\"\"code\"\":836},{\"\"code\"\":836},{\"\"code\"\":797}]\"', 2),
(33, 'Skip', 'Garnham', 'sgarnhamw', 'eml6RqbK', '100.17.131.54', '1/29/2020', '\"[{\"\"code\"\":548}]\"', 2),
(34, 'Ric', 'Kitchenside', 'rkitchensidex', 'xaa7miQ7yB', '29.100.76.146', '12/14/2019', '\"[{\"\"code\"\":501},{\"\"code\"\":258},{\"\"code\"\":659},{\"\"code\"\":501},{\"\"code\"\":659}]\"', 2),
(35, 'Urbanus', 'Di Meo', 'udiy', 'dHqu78cU6NOP', '90.30.202.251', '12/25/2019', '\"[{\"\"code\"\":797},{\"\"code\"\":287},{\"\"code\"\":855},{\"\"code\"\":346}]\"', 2),
(36, 'Monty', 'Beidebeke', 'mbeidebekez', 'F5T5spAU9A4O', '3.32.202.92', '02.05.2020', '\"[{\"\"code\"\":415},{\"\"code\"\":543},{\"\"code\"\":836}]\"', 2),
(37, 'Byrann', 'Savins', 'bsavins10', 'l6sYf29NLN', '123.187.14.103', '1/23/2020', '\"[{\"\"code\"\":836}]\"', 2),
(38, 'Sonnie', 'Riby', 'sriby11', 'Va34LYqFh', '16.81.16.23', '6/17/2020', '\"[{\"\"code\"\":501}]\"', 2),
(39, 'Sherill', 'Birney', 'sbirney12', 'Ggygo2ePsETs', '144.76.193.237', '12/27/2019', '\"[{\"\"code\"\":836},{\"\"code\"\":258},{\"\"code\"\":619}]\"', 1),
(40, 'Indira', 'Kleanthous', 'ikleanthous13', '3H0GS7a', '169.108.108.88', '12/29/2019', '\"[{\"\"code\"\":797},{\"\"code\"\":346},{\"\"code\"\":543},{\"\"code\"\":501},{\"\"code\"\":258}]\"', 2),
(41, 'Maison', 'Skerme', 'mskerme14', 'wy1HWA', '143.177.136.232', '02.10.2020', '\"[{\"\"code\"\":176},{\"\"code\"\":619}]\"', 2),
(42, 'Hanan', 'Cahey', 'hcahey15', 'NSXcG9khd', '18.127.87.158', '6/13/2020', '\"[{\"\"code\"\":501},{\"\"code\"\":258}]\"', 3),
(43, 'Tore', 'Rusling', 'trusling16', 'abol9dYC8e', '142.216.95.251', '3/19/2020', '\"[{\"\"code\"\":619}]\"', 2),
(44, 'Jeddy', 'De Souza', 'jde17', 'gK6Hsl8Q', '229.104.255.175', '10/17/2019', '\"[{\"\"code\"\":415},{\"\"code\"\":619}]\"', 2),
(45, 'Flossi', 'McLeoid', 'fmcleoid18', 'B9zr0N7cJw', '90.207.38.179', '1/26/2020', '\"[{\"\"code\"\":543}]\"', 2),
(46, 'Nikoletta', 'Megainey', 'nmegainey19', 'gph7QurFf', '172.249.218.50', '5/22/2020', '\"[{\"\"code\"\":415}]\"', 2),
(47, 'Adan', 'Bliven', 'abliven1a', 'vVxlf94KpeX', '49.101.94.118', '6/17/2020', '\"[{\"\"code\"\":323},{\"\"code\"\":548}]\"', 3),
(48, 'Mohandis', 'Rossoni', 'mrossoni1b', 'nLXj2lS', '161.5.132.42', '11/16/2019', '\"[{\"\"code\"\":176},{\"\"code\"\":659},{\"\"code\"\":287}]\"', 3),
(49, 'Nappie', 'Redington', 'nredington1c', 'DCbOb1SX', '174.42.8.3', '05.06.2020', '\"[{\"\"code\"\":548}]\"', 2),
(50, 'Lenka', 'Francie', 'lfrancie1d', 'DoGeHWuAAM', '182.2.128.34', '3/30/2020', '\"[{\"\"code\"\":659},{\"\"code\"\":501},{\"\"code\"\":415}]\"', 2),
(51, 'Ashley', 'Blowin', 'ablowin1e', 'aQygVtMjN', '73.212.243.168', '6/24/2020', '\"[{\"\"code\"\":176},{\"\"code\"\":311},{\"\"code\"\":855},{\"\"code\"\":176}]\"', 2),
(52, 'Vale', 'Goroni', 'vgoroni1f', 'bWr0QU', '93.126.120.134', '8/19/2020', '\"[{\"\"code\"\":287},{\"\"code\"\":287},{\"\"code\"\":659}]\"', 3),
(53, 'Suki', 'Grafom', 'sgrafom1g', 'JcNcVDAouYzA', '9.26.5.107', '12/17/2019', '\"[{\"\"code\"\":797},{\"\"code\"\":323},{\"\"code\"\":548}]\"', 3),
(54, 'Justis', 'Gianneschi', 'jgianneschi1h', 'oieX5u3sUfpD', '139.241.156.87', '3/14/2020', '\"[{\"\"code\"\":836},{\"\"code\"\":543},{\"\"code\"\":548},{\"\"code\"\":311}]\"', 3),
(55, 'Emilie', 'Collett', 'ecollett1i', 'Y0uMyKB0W', '47.0.240.7', '10.07.2019', '\"[{\"\"code\"\":543},{\"\"code\"\":287},{\"\"code\"\":258}]\"', 2),
(56, 'Byrom', 'Terrell', 'bterrell1j', 'hswseW', '157.21.33.53', '2/25/2020', '\"[{\"\"code\"\":287},{\"\"code\"\":557},{\"\"code\"\":543}]\"', 1),
(57, 'Daphne', 'Bifield', 'dbifield1k', 'oYAQ4URihIA', '24.185.229.169', '7/29/2020', '\"[{\"\"code\"\":619},{\"\"code\"\":323},{\"\"code\"\":855},{\"\"code\"\":229}]\"', 1),
(58, 'Blanca', 'Staig', 'bstaig1l', 'MygqEtjMtUbC', '171.78.28.229', '2/19/2020', '\"[{\"\"code\"\":176},{\"\"code\"\":855}]\"', 3),
(59, 'Adriaens', 'Kennsley', 'akennsley1m', 'CTUdBfJsy6qF', '208.81.128.179', '7/15/2020', '\"[{\"\"code\"\":836},{\"\"code\"\":548}]\"', 3),
(60, 'Emlyn', 'Bartak', 'ebartak1n', 'y3t4H1', '130.247.20.138', '12/20/2019', '\"[{\"\"code\"\":543}]\"', 1),
(61, 'Victoria', 'Willshire', 'vwillshire1o', 'VFSLc2t', '243.230.165.161', '09.03.2020', '\"[{\"\"code\"\":557},{\"\"code\"\":287},{\"\"code\"\":836},{\"\"code\"\":287}]\"', 1),
(62, 'Egon', 'Savin', 'esavin1p', 'axnJY9s', '40.140.160.210', '1/31/2020', '\"[{\"\"code\"\":346},{\"\"code\"\":258},{\"\"code\"\":543},{\"\"code\"\":323},{\"\"code\"\":176}]\"', 2),
(63, 'Phillie', 'Elsom', 'pelsom1q', 'OXzMECG', '253.7.8.82', '01.01.2020', '\"[{\"\"code\"\":323},{\"\"code\"\":501},{\"\"code\"\":501}]\"', 2),
(64, 'Adan', 'Semaine', 'asemaine1r', 'MdJRkHor5SP', '76.252.15.218', '10.05.2019', '\"[{\"\"code\"\":258}]\"', 2),
(65, 'Constantino', 'Northrop', 'cnorthrop1s', 'UIwCvTA7MRS0', '119.130.24.85', '10.12.2019', '\"[{\"\"code\"\":176},{\"\"code\"\":229}]\"', 1),
(66, 'Rodie', 'Easson', 'reasson1t', '3J0jgg9RWlXs', '212.248.119.232', '8/14/2020', '\"[{\"\"code\"\":855},{\"\"code\"\":287},{\"\"code\"\":797}]\"', 2),
(67, 'Alida', 'Boleyn', 'aboleyn1u', '3q2mQdDRmtr', '181.14.56.184', '5/26/2020', '\"[{\"\"code\"\":229},{\"\"code\"\":323},{\"\"code\"\":501},{\"\"code\"\":258},{\"\"code\"\":415}]\"', 3),
(68, 'Hill', 'Scholfield', 'hscholfield1v', '1Pbs3K6qXYB', '15.7.205.224', '2/23/2020', '\"[{\"\"code\"\":619},{\"\"code\"\":258},{\"\"code\"\":501},{\"\"code\"\":287}]\"', 2),
(69, 'Cordell', 'Cowpe', 'ccowpe1w', 'VHr417Ft0', '237.236.173.63', '6/17/2020', '\"[{\"\"code\"\":346},{\"\"code\"\":311},{\"\"code\"\":346},{\"\"code\"\":176}]\"', 3),
(70, 'Alexandro', 'Eldon', 'aeldon1x', 'rrywOQRmFKyh', '4.174.11.210', '12.04.2019', '\"[{\"\"code\"\":836},{\"\"code\"\":346},{\"\"code\"\":836}]\"', 1),
(71, 'Kayle', 'Collin', 'kcollin1y', 'Q0ZV21vew0', '52.19.142.168', '6/30/2020', '\"[{\"\"code\"\":346}]\"', 1),
(72, 'Inesita', 'Larkins', 'ilarkins1z', 'DEFNpHtU', '3.26.42.188', '12.05.2019', '\"[{\"\"code\"\":548},{\"\"code\"\":258},{\"\"code\"\":311},{\"\"code\"\":229}]\"', 1),
(73, 'Waylin', 'Lound', 'wlound20', 'a2G4Ihh2o', '31.243.68.215', '1/26/2020', '\"[{\"\"code\"\":619},{\"\"code\"\":659},{\"\"code\"\":346}]\"', 1),
(74, 'Mechelle', 'Gillogley', 'mgillogley21', 'EjUHfCUFqF', '79.38.53.53', '05.01.2020', '\"[{\"\"code\"\":346},{\"\"code\"\":176},{\"\"code\"\":176},{\"\"code\"\":415},{\"\"code\"\":415}]\"', 2),
(75, 'Donal', 'Muccino', 'dmuccino22', 'E4okVgx', '109.138.101.234', '04.02.2020', '\"[{\"\"code\"\":176},{\"\"code\"\":619},{\"\"code\"\":287},{\"\"code\"\":311},{\"\"code\"\":619}]\"', 3),
(76, 'Joye', 'Leadbetter', 'jleadbetter23', 'ZNsaKdgb', '51.245.190.167', '05.02.2020', '\"[{\"\"code\"\":548},{\"\"code\"\":543},{\"\"code\"\":548},{\"\"code\"\":855}]\"', 2),
(77, 'Gianina', 'Trump', 'gtrump24', '6XXY7IS26Ci', '11.191.37.17', '08.03.2020', '\"[{\"\"code\"\":258}]\"', 3),
(78, 'Read', 'LeEstut', 'rleestut25', 'zq3C4rUR', '119.247.100.162', '09.11.2020', '\"[{\"\"code\"\":323},{\"\"code\"\":287},{\"\"code\"\":659},{\"\"code\"\":176}]\"', 1),
(79, 'Jill', 'Anscott', 'janscott26', '5maCRrCZLu', '104.85.178.46', '4/28/2020', '\"[{\"\"code\"\":287}]\"', 3),
(80, 'Bud', 'Douch', 'bdouch27', 'KAkwrli', '72.132.101.188', '02.06.2020', '\"[{\"\"code\"\":287}]\"', 1),
(81, 'Cicily', 'Ossenna', 'cossenna28', 'vfKJkCeohOzZ', '230.85.180.186', '01.06.2020', '\"[{\"\"code\"\":501},{\"\"code\"\":176},{\"\"code\"\":176}]\"', 3),
(82, 'Hew', 'Izzat', 'hizzat29', 'Uifdtu', '143.246.125.169', '1/20/2020', '\"[{\"\"code\"\":287},{\"\"code\"\":501},{\"\"code\"\":287},{\"\"code\"\":311}]\"', 1),
(83, 'Eddie', 'Gimeno', 'egimeno2a', 'oF1hbmKlZ', '60.57.115.125', '3/18/2020', '\"[{\"\"code\"\":659},{\"\"code\"\":543},{\"\"code\"\":501},{\"\"code\"\":659},{\"\"code\"\":548}]\"', 3),
(84, 'Sybyl', 'Fierro', 'sfierro2b', 'VjUrQ2', '250.233.247.215', '1/22/2020', '\"[{\"\"code\"\":415},{\"\"code\"\":323},{\"\"code\"\":346},{\"\"code\"\":311}]\"', 2),
(85, 'Nicol', 'Troup', 'ntroup2c', 'KmDDYf1Pu', '121.7.142.165', '6/25/2020', '\"[{\"\"code\"\":415},{\"\"code\"\":176},{\"\"code\"\":836},{\"\"code\"\":287}]\"', 2),
(86, 'Bondy', 'Pattenden', 'bpattenden2d', 'IOUkHpOn', '45.121.26.90', '6/15/2020', '\"[{\"\"code\"\":836},{\"\"code\"\":229},{\"\"code\"\":346},{\"\"code\"\":346}]\"', 1),
(87, 'Angus', 'Cockman', 'acockman2e', 'fDKhK7OK', '167.9.255.77', '01.06.2020', '\"[{\"\"code\"\":323},{\"\"code\"\":229},{\"\"code\"\":258},{\"\"code\"\":258},{\"\"code\"\":415}]\"', 1),
(88, 'Mord', 'Hanscome', 'mhanscome2f', 'xBHzpa7eP0u', '121.181.10.230', '07.10.2020', '\"[{\"\"code\"\":346},{\"\"code\"\":548},{\"\"code\"\":548}]\"', 2),
(89, 'Susy', 'Leblanc', 'sleblanc2g', 'T2et1U5M', '118.164.120.202', '6/16/2020', '\"[{\"\"code\"\":855},{\"\"code\"\":619}]\"', 2),
(90, 'Gerard', 'Ciccoloi', 'gciccoloi2h', 'w4dZ3hxiCiAg', '71.235.27.27', '02.03.2020', '\"[{\"\"code\"\":548},{\"\"code\"\":311},{\"\"code\"\":346},{\"\"code\"\":311}]\"', 1),
(91, 'Seamus', 'Sayburn', 'ssayburn2i', '1hTM7EVKaS', '75.194.92.114', '1/24/2020', '\"[{\"\"code\"\":557},{\"\"code\"\":548},{\"\"code\"\":557},{\"\"code\"\":323},{\"\"code\"\":557}]\"', 2),
(92, 'Washington', 'Gentiry', 'wgentiry2j', 'z2X9UH5', '188.49.78.185', '04.10.2020', '\"[{\"\"code\"\":323},{\"\"code\"\":855},{\"\"code\"\":229}]\"', 1),
(93, 'Rebekkah', 'Westall', 'rwestall2k', 'xLgunbO9x6', '212.150.81.93', '02.02.2020', '\"[{\"\"code\"\":501},{\"\"code\"\":501},{\"\"code\"\":855},{\"\"code\"\":797},{\"\"code\"\":501}]\"', 2),
(94, 'Court', 'Kulic', 'ckulic2l', 'FLHYRN', '154.121.193.131', '6/26/2020', '\"[{\"\"code\"\":323}]\"', 1),
(95, 'Lorilee', 'Roux', 'lroux2m', '98cCxHeeK31', '229.187.60.106', '06.12.2020', '\"[{\"\"code\"\":415},{\"\"code\"\":543}]\"', 3),
(96, 'Modestine', 'Rolinson', 'mrolinson2n', 'faGzyW8hEca', '9.203.185.188', '10/30/2019', '\"[{\"\"code\"\":311},{\"\"code\"\":855},{\"\"code\"\":797},{\"\"code\"\":855}]\"', 1),
(97, 'Shelbi', 'Ellgood', 'sellgood2o', '3do5MME', '199.226.26.7', '8/31/2020', '\"[{\"\"code\"\":176},{\"\"code\"\":836},{\"\"code\"\":346},{\"\"code\"\":501},{\"\"code\"\":176}]\"', 3),
(98, 'Barbabra', 'Retchless', 'bretchless2p', 'WraGihh', '86.66.23.203', '11.09.2019', '\"[{\"\"code\"\":229},{\"\"code\"\":415},{\"\"code\"\":258},{\"\"code\"\":619}]\"', 2),
(99, 'Robinetta', 'Jerzak', 'rjerzak2q', 'hAp8jki', '205.158.144.210', '12.11.2019', '\"[{\"\"code\"\":659}]\"', 2),
(100, 'Vance', 'Boots', 'vboots2r', 'bgJfSDEVEQm6', '91.73.40.29', '09.07.2020', '\"[{\"\"code\"\":548},{\"\"code\"\":346},{\"\"code\"\":311}]\"', 2),
(101, 'Polina', 'Vagina', 'vag', 'vag', '127.0.0.1', '', 'jdskdfjs', 3),
(102, 'Polina', 'Viktuk', 'polina', 'polina', '127.0.2.11', '', '\"[{\"\"code\"\":543},{\"\"code\"\":836}]\"', 2),
(103, 'Viktor', 'Petrov', 'vitya', 'vitya', '127.0.2.12', '', '\"[{\"\"code\"\":543}\"', 1);

--
-- Индексы сохранённых таблиц
--

--
-- Индексы таблицы `analyzer`
--
ALTER TABLE `analyzer`
  ADD PRIMARY KEY (`id`);

--
-- Индексы таблицы `auth_history`
--
ALTER TABLE `auth_history`
  ADD PRIMARY KEY (`id`),
  ADD KEY `user_id` (`user_id`);

--
-- Индексы таблицы `blood`
--
ALTER TABLE `blood`
  ADD PRIMARY KEY (`id`),
  ADD UNIQUE KEY `barcode` (`barcode`),
  ADD KEY `patient` (`patient`),
  ADD KEY `lab_assistant_id` (`lab_assistant_id`);

--
-- Индексы таблицы `blood_services`
--
ALTER TABLE `blood_services`
  ADD PRIMARY KEY (`id`),
  ADD KEY `service` (`service`,`status`,`analyzer`,`user`),
  ADD KEY `status` (`status`),
  ADD KEY `analyzer` (`analyzer`),
  ADD KEY `user` (`user`),
  ADD KEY `blood` (`blood`);

--
-- Индексы таблицы `patients`
--
ALTER TABLE `patients`
  ADD PRIMARY KEY (`id`);

--
-- Индексы таблицы `service`
--
ALTER TABLE `service`
  ADD PRIMARY KEY (`id`);

--
-- Индексы таблицы `status`
--
ALTER TABLE `status`
  ADD PRIMARY KEY (`id`);

--
-- Индексы таблицы `type`
--
ALTER TABLE `type`
  ADD PRIMARY KEY (`id`);

--
-- Индексы таблицы `users`
--
ALTER TABLE `users`
  ADD PRIMARY KEY (`id`),
  ADD KEY `type` (`type`);

--
-- AUTO_INCREMENT для сохранённых таблиц
--

--
-- AUTO_INCREMENT для таблицы `analyzer`
--
ALTER TABLE `analyzer`
  MODIFY `id` int NOT NULL AUTO_INCREMENT, AUTO_INCREMENT=3;

--
-- AUTO_INCREMENT для таблицы `auth_history`
--
ALTER TABLE `auth_history`
  MODIFY `id` int NOT NULL AUTO_INCREMENT, AUTO_INCREMENT=173;

--
-- AUTO_INCREMENT для таблицы `blood`
--
ALTER TABLE `blood`
  MODIFY `id` int NOT NULL AUTO_INCREMENT, AUTO_INCREMENT=1008;

--
-- AUTO_INCREMENT для таблицы `blood_services`
--
ALTER TABLE `blood_services`
  MODIFY `id` int NOT NULL AUTO_INCREMENT, AUTO_INCREMENT=829;

--
-- AUTO_INCREMENT для таблицы `patients`
--
ALTER TABLE `patients`
  MODIFY `id` int NOT NULL AUTO_INCREMENT;

--
-- AUTO_INCREMENT для таблицы `status`
--
ALTER TABLE `status`
  MODIFY `id` int NOT NULL AUTO_INCREMENT, AUTO_INCREMENT=3;

--
-- AUTO_INCREMENT для таблицы `type`
--
ALTER TABLE `type`
  MODIFY `id` int NOT NULL AUTO_INCREMENT, AUTO_INCREMENT=4;

--
-- AUTO_INCREMENT для таблицы `users`
--
ALTER TABLE `users`
  MODIFY `id` int NOT NULL AUTO_INCREMENT, AUTO_INCREMENT=104;

--
-- Ограничения внешнего ключа сохраненных таблиц
--

--
-- Ограничения внешнего ключа таблицы `blood`
--
ALTER TABLE `blood`
  ADD CONSTRAINT `blood_ibfk_1` FOREIGN KEY (`patient`) REFERENCES `patients` (`id`),
  ADD CONSTRAINT `blood_ibfk_2` FOREIGN KEY (`lab_assistant_id`) REFERENCES `users` (`id`);

--
-- Ограничения внешнего ключа таблицы `blood_services`
--
ALTER TABLE `blood_services`
  ADD CONSTRAINT `blood_services_ibfk_1` FOREIGN KEY (`service`) REFERENCES `service` (`id`),
  ADD CONSTRAINT `blood_services_ibfk_2` FOREIGN KEY (`status`) REFERENCES `status` (`id`),
  ADD CONSTRAINT `blood_services_ibfk_3` FOREIGN KEY (`analyzer`) REFERENCES `analyzer` (`id`),
  ADD CONSTRAINT `blood_services_ibfk_4` FOREIGN KEY (`user`) REFERENCES `users` (`id`),
  ADD CONSTRAINT `blood_services_ibfk_5` FOREIGN KEY (`blood`) REFERENCES `blood` (`id`);

--
-- Ограничения внешнего ключа таблицы `users`
--
ALTER TABLE `users`
  ADD CONSTRAINT `users_ibfk_1` FOREIGN KEY (`type`) REFERENCES `type` (`id`);
COMMIT;

/*!40101 SET CHARACTER_SET_CLIENT=@OLD_CHARACTER_SET_CLIENT */;
/*!40101 SET CHARACTER_SET_RESULTS=@OLD_CHARACTER_SET_RESULTS */;
/*!40101 SET COLLATION_CONNECTION=@OLD_COLLATION_CONNECTION */;
